"","downloads"
"DBI",53337
"ggplot2",49125
"rJava",46878
"stringr",39485
"Rcpp",37961
"plyr",37426
"foreach",36843
"iterators",36324
"digest",30045
"reshape2",27636
"RColorBrewer",24707
"scales",23195
"colorspace",22481
"bitops",21226
"proto",20309
"devtools",19970
"RCurl",19662
"munsell",19658
"RMySQL",19558
"labeling",19405
"gtable",19307
"dichromat",19191
"SparseM",18496
"quantreg",17451
"LPCM",16521
"car",16496
"knitr",16442
"snow",16222
"RJDBC",16016
"evaluate",15940
"zoo",15768
"doSNOW",15343
"VIF",15175
"gtools",14925
"httr",14789
"markdown",13706
"mime",12860
"MASS",12855
"XML",12515
"Hmisc",12505
"caTools",12096
"mvtnorm",11712
"formatR",11365
"highr",11224
"latticeExtra",10916
"xtable",10915
"lattice",10314
"lme4",10311
"Formula",10221
"RJSONIO",10175
"yaml",9859
"swirl",9854
"RcppEigen",9750
"gdata",9735
"testthat",9691
"memoise",9688
"xlsx",9115
"e1071",8890
"KernSmooth",8845
"minqa",8675
"shiny",8346
"data.table",8323
"maps",8242
"sandwich",8179
"reshape",8105
"rgl",8069
"xlsxjars",7845
"igraph",7666
"sp",7656
"Matrix",7560
"whisker",7286
"RNetCDF",7187
"httpuv",7150
"RSQLite",6997
"profr",6983
"CDFt",6926
"proftools",6926
"gplots",6832
"psych",6693
"xts",6609
"caret",6606
"survival",6554
"relimp",6482
"lmtest",6458
"RcppArmadillo",6028
"foreign",5859
"quadprog",5779
"maptools",5686
"plotrix",5669
"chron",5591
"multcomp",5572
"abind",5342
"RODBC",5328
"randomForest",5263
"rpart",5212
"gnm",5032
"rjson",4993
"BradleyTerry2",4973
"tseries",4960
"XLConnect",4931
"leaps",4783
"qvcalc",4776
"brglm",4755
"timeDate",4706
"profileModel",4660
"cluster",4616
"rgdal",4595
"TH.data",4570
"mgcv",4563
"nlme",4557
"coda",4438
"sqldf",4403
"nnet",4277
"scatterplot3d",4192
"boot",4125
"forecast",4001
"Rcmdr",3993
"tm",3941
"slam",3912
"effects",3850
"png",3850
"modeltools",3831
"RSQLite.extfuns",3818
"gsubfn",3782
"jsonlite",3775
"sem",3748
"vcd",3722
"rgeos",3676
"glmnet",3674
"UsingR",3653
"class",3612
"lubridate",3564
"party",3542
"gss",3444
"robustbase",3429
"gridExtra",3412
"ape",3397
"tcltk2",3386
"numDeriv",3374
"TTR",3364
"dplyr",3342
"kernlab",3310
"quantmod",3283
"spatial",3269
"fields",3252
"timeSeries",3166
"mapproj",3146
"magrittr",3054
"strucchange",3008
"matrixcalc",2990
"Lahman",2958
"ROCR",2860
"hflights",2854
"coin",2853
"RGtk2",2817
"assertthat",2793
"vegan",2768
"Defaults",2766
"fBasics",2738
"spam",2722
"raster",2700
"BH",2696
"R.methodsS3",2688
"mclust",2685
"fracdiff",2669
"mapdata",2644
"brew",2640
"DEoptimR",2627
"VGAM",2535
"ellipse",2461
"aplpack",2452
"statmod",2442
"stabledist",2415
"permute",2412
"hexbin",2341
"wordcloud",2312
"matrixStats",2294
"R.utils",2293
"pROC",2286
"jpeg",2222
"htmltools",2220
"ade4",2216
"rattle",2209
"deldir",2207
"RgoogleMaps",2140
"mnormt",2139
"gbm",2126
"locfit",2122
"spdep",2068
"combinat",2052
"lpSolve",1989
"R.oo",1987
"sfsmisc",1965
"LearnBayes",1963
"installr",1958
"corpcor",1920
"tree",1897
"expm",1895
"lavaan",1881
"mice",1878
"urca",1852
"gstat",1834
"ggmap",1829
"pls",1821
"gmodels",1803
"arm",1792
"googleVis",1780
"CORElearn",1749
"arules",1731
"gam",1718
"gclus",1711
"flexmix",1709
"spatstat",1667
"deSolve",1661
"RUnit",1661
"AppliedPredictiveModeling",1656
"FNN",1656
"roxygen2",1648
"FactoMineR",1612
"RWeka",1598
"bit",1589
"klaR",1588
"sm",1567
"mlbench",1559
"rms",1546
"survey",1536
"misc3d",1529
"pcaPP",1522
"doParallel",1507
"proxy",1505
"SnowballC",1491
"spacetime",1491
"seriation",1484
"rjags",1477
"base64enc",1464
"doBy",1454
"sna",1446
"rpart.plot",1436
"PerformanceAnalytics",1434
"GPArotation",1433
"prodlim",1421
"animation",1418
"splancs",1409
"lava",1405
"cairoDevice",1394
"NLP",1388
"AER",1379
"polyclip",1374
"RWekajars",1373
"ipred",1354
"ks",1334
"twitteR",1334
"fpc",1333
"akima",1332
"microbenchmark",1308
"rrcov",1303
"ez",1302
"miscTools",1291
"fGarch",1284
"plm",1277
"R2WinBUGS",1266
"intervals",1264
"corrplot",1258
"doMC",1252
"TSP",1248
"fda",1223
"ROAuth",1222
"GGally",1221
"pbivnorm",1219
"DAAG",1206
"ISLR",1204
"maxLik",1190
"nortest",1182
"Cairo",1175
"RandomFields",1169
"RPostgreSQL",1163
"polycor",1157
"pbkrtest",1154
"geoR",1138
"ff",1136
"sendmailR",1128
"R.matlab",1122
"MCMCpack",1116
"lars",1104
"msm",1085
"R2jags",1085
"bdsmatrix",1084
"np",1080
"shapefiles",1079
"tkrplot",1075
"agricolae",1064
"gsl",1060
"pastecs",1057
"BBmisc",1030
"mboost",1027
"BatchJobs",1025
"gWidgets",1024
"tensor",1017
"pwr",1004
"gmp",997
"earth",986
"fail",984
"mlogit",984
"pscl",983
"iplots",980
"codetools",974
"RefManageR",974
"Rmpi",973
"gWidgetsRGtk2",968
"ncdf",967
"gamlss.dist",963
"copula",961
"gamlss",957
"mda",954
"Rglpk",938
"TSA",935
"moments",934
"corrgram",929
"glasso",921
"truncnorm",918
"plotmo",912
"R2HTML",912
"network",909
"gridBase",906
"JGR",905
"inline",901
"faraway",899
"RANN",898
"multicool",887
"knitcitations",881
"fastmatch",879
"Zelig",877
"stargazer",867
"itertools",866
"qgraph",865
"vars",863
"amap",860
"descr",860
"dynlm",858
"openintro",853
"MuMIn",850
"date",849
"snowfall",847
"fastICA",846
"ggthemes",845
"Deducer",842
"magic",837
"ineq",817
"Ecdat",812
"optimx",812
"testit",812
"HSAUR",805
"rugarch",802
"sas7bdat",802
"JavaGD",799
"ca",796
"its",795
"nleqslv",793
"ada",786
"MCMCglmm",786
"arulesViz",783
"systemfit",782
"PBSmapping",781
"Rserve",780
"bbmle",776
"bootstrap",776
"sgeostat",772
"classInt",768
"rgenoud",759
"polynom",751
"mvnormtest",750
"semPlot",750
"robust",749
"clue",748
"rasterVis",744
"pixmap",739
"Amelia",737
"DMwR",733
"HH",732
"rggobi",730
"verification",730
"ltm",728
"memisc",727
"tables",713
"tau",710
"huge",708
"qdap",707
"mvoutlier",700
"Matching",698
"TeachingDemos",697
"MBESS",695
"geepack",694
"dismo",693
"neuralnet",693
"epicalc",687
"som",684
"Rsolnp",682
"vioplot",681
"aod",680
"ucminf",680
"mosaic",678
"nloptr",677
"flexclust",673
"CircStats",672
"tripack",672
"partykit",671
"ElemStatLearn",668
"cubature",667
"robCompositions",661
"trust",658
"metafor",654
"vcdExtra",654
"WriteXLS",654
"gee",652
"polspline",650
"biglm",649
"nor1mix",648
"Rmpfr",647
"adehabitatLT",644
"bayesm",642
"geosphere",640
"ordinal",640
"shape",639
"sciplot",637
"biclust",634
"sn",634
"C50",632
"rpanel",628
"dtw",627
"energy",626
"mitools",624
"fUnitRoots",623
"acepack",621
"Rook",620
"ecodist",618
"ergm",614
"SuppDists",613
"penalized",611
"sampling",610
"MatchIt",609
"Ecfun",608
"VennDiagram",608
"outliers",604
"SkewHyperbolic",602
"AICcmodavg",601
"GeneralizedHyperbolic",597
"tweedie",597
"cba",596
"extrafont",593
"DistributionUtils",591
"tis",591
"pkgmaker",590
"rlecuyer",589
"signal",589
"bit64",584
"rworldmap",583
"evd",581
"RGraphics",579
"HSAUR2",578
"lsmeans",578
"calibrate",574
"filehash",574
"rmeta",574
"adegenet",573
"lawstat",573
"gamlss.data",571
"meta",570
"minpack.lm",569
"R.cache",566
"scrypt",566
"fpp",561
"ADGofTest",556
"fts",552
"clv",551
"qdapDictionaries",549
"qtl",549
"openNLP",548
"topicmodels",548
"mlmRev",547
"segmented",547
"bibtex",545
"WGCNA",543
"expsmooth",541
"astsa",540
"semTools",540
"fma",538
"languageR",538
"pspline",536
"qcc",536
"fOptions",534
"hwriter",534
"geoRglm",533
"setRNG",533
"Rttf2pt1",529
"automap",528
"BB",527
"kinship2",527
"lavaan.survey",526
"kknn",525
"pmml",525
"glmmML",524
"pvclust",524
"fit.models",523
"qdapTools",522
"MatrixModels",521
"eRm",519
"MEMSS",519
"spls",519
"igraphdata",517
"geometry",516
"KFAS",516
"Epi",515
"epiR",514
"fdrtool",514
"pgirmess",514
"BiodiversityR",513
"registry",513
"dynamicTreeCut",512
"nFactors",511
"poLCA",511
"pracma",511
"BRugs",510
"fTrading",510
"lhs",510
"Quandl",507
"pheatmap",506
"venneuler",506
"BayesX",505
"rbenchmark",505
"actuar",503
"plot3D",503
"sampleSelection",501
"fImport",499
"mi",499
"lokern",498
"flashClust",495
"seqinr",495
"adabag",491
"lsa",491
"relations",490
"alr4",489
"MSBVAR",489
"adehabitat",486
"lmerTest",486
"coxme",485
"CompQuadForm",483
"geiger",483
"irr",482
"multicore",481
"extrafontdb",480
"ggm",480
"SDMTools",480
"truncreg",480
"VGAMdata",480
"alr3",478
"randomForestSRC",478
"heplots",477
"fitdistrplus",475
"logspline",474
"genetics",469
"colorRamps",467
"statnet.common",467
"fAssets",465
"R.rsp",465
"MplusAutomation",464
"playwith",464
"base64",463
"ash",462
"FinTS",462
"matlab",462
"diagram",461
"hash",461
"fArma",460
"openNLPdata",460
"RSNNS",460
"openair",459
"latentnet",458
"rockchalk",458
"mixtools",456
"ggdendro",455
"statnet",454
"gcookbook",452
"fExtremes",451
"rsm",451
"BDgraph",450
"BMA",450
"RQuantLib",450
"rstudioapi",449
"BayesTree",448
"KoNLP",448
"optmatch",448
"unmarked",448
"tikzDevice",447
"svUnit",444
"elasticnet",443
"diptest",441
"KMsurv",441
"ISwR",439
"MonetDB.R",438
"emdbook",434
"lasso2",434
"mondate",434
"kohonen",433
"randtoolbox",433
"candisc",432
"rmongodb",430
"fCopulae",429
"highlight",426
"pander",426
"AGD",425
"Boruta",424
"fftw",422
"denstrip",421
"fPortfolio",421
"nws",421
"Rmalschains",421
"spd",421
"clusterSim",420
"fAsianOptions",420
"lisrelToR",420
"RTextTools",420
"extRemes",419
"SimComp",419
"prettyR",418
"waveslim",418
"Cubist",417
"rngtools",417
"circular",415
"AlgDesign",413
"R2OpenBUGS",412
"RItools",412
"FSelector",411
"texreg",411
"DoE.base",410
"hydroTSM",410
"gmm",409
"gamm4",408
"cem",407
"mix",406
"fMultivar",405
"simsem",405
"ctv",402
"pan",402
"rootSolve",402
"Kendall",400
"VIM",400
"MPV",399
"rngWELL",398
"sets",398
"tensorA",398
"clusterGeneration",397
"isa2",397
"qpcR",397
"WhatIf",397
"aqp",396
"changepoint",396
"functional",395
"rbounds",392
"GAMBoost",391
"LiblineaR",391
"tiff",391
"optextras",390
"bnlearn",389
"odfWeave",389
"epitools",388
"MBA",388
"RGtk2Extras",388
"svGUI",388
"networkDynamic",387
"FKF",386
"orloca",386
"QuantPsyc",385
"NbClust",384
"rsprng",384
"dlm",383
"fNonlinear",383
"binom",381
"RSAGA",381
"pbapply",379
"erer",378
"betareg",377
"latticist",377
"oz",377
"Rvmmin",377
"subplex",376
"asbio",375
"phytools",374
"Rsymphony",373
"sos",373
"FRB",372
"sjPlot",372
"beanplot",371
"fmsb",371
"lpSolveAPI",370
"picante",370
"PKPDmodels",370
"plotKML",368
"Rcgmin",368
"ghyp",366
"NCBI2R",364
"PolynomF",364
"PSCBS",363
"Sleuth2",363
"tergm",363
"entropy",362
"logcondens",361
"bestglm",360
"evir",360
"ffbase",360
"drc",359
"labdsv",359
"phangorn",359
"dfoptim",357
"fastcluster",357
"hydroGOF",357
"DEoptim",356
"maxent",356
"adehabitatMA",355
"Fahrmeir",354
"multilevel",354
"catdata",353
"lsr",353
"XML2R",352
"modeest",351
"getopt",350
"gpclib",350
"repmis",349
"timsac",348
"fRegression",348
"reports",347
"Rfacebook",346
"adehabitatHR",345
"mokken",342
"doRNG",341
"OpenStreetMap",341
"taRifx",340
"gvlma",338
"lda",338
"mvpart",338
"stringdist",338
"SweaveListingUtils",338
"dse",335
"leafletR",335
"lmomco",335
"tuneR",335
"FrF2",334
"PBSmodelling",334
"geomorph",333
"CCA",331
"DiceKriging",331
"gstudio",330
"bipartite",329
"mstate",329
"DiceDesign",327
"DierckxSpline",325
"fExoticOptions",325
"maptree",325
"glm2",324
"BSDA",323
"DeducerExtras",323
"fBonds",322
"GenABEL",321
"missMDA",321
"stringi",321
"hdrcde",320
"RSGHB",316
"useful",316
"ergm.count",315
"NMF",314
"popgraph",313
"sparr",313
"WDI",313
"SpatialEpi",311
"tgp",311
"afex",310
"HyperbolicDist",310
"lmPerm",310
"R.devices",310
"Rcsdp",309
"startupmsg",309
"apt",307
"gWidgetstcltk",306
"lqa",305
"tmvtnorm",304
"GeneNet",303
"futile.logger",302
"constrainedKriging",301
"emoa",301
"crs",300
"BLCOP",299
"Geneland",299
"georob",298
"RInside",298
"schoolmath",297
"BHH2",294
"regress",294
"compositions",293
"PredictABEL",293
"coefplot",291
"compute.es",291
"RQDA",291
"ICS",290
"oce",290
"RPMG",290
"circlize",289
"dyn",289
"VarianceGamma",289
"visreg",289
"glmulti",288
"PivotalR",288
"tfplot",288
"downloader",287
"gridSVG",287
"boilerpipeR",286
"BsMD",285
"gdistance",285
"bear",284
"compare",284
"gRbase",284
"ROracle",284
"tseriesChaos",284
"psy",283
"Rwave",283
"catR",281
"pamr",281
"tm.plugin.webmining",281
"GEOmap",280
"choroplethr",279
"cmprsk",279
"CoxBoost",279
"conf.design",278
"timereg",278
"IDPmisc",277
"RcmdrPlugin.KMggplot2",277
"micEcon",276
"mirt",276
"mixOmics",276
"longitudinal",275
"runjags",275
"wavelets",275
"abc",274
"ENmisc",274
"sensitivity",274
"DiscriMiner",273
"spsurvey",272
"DataCombine",271
"genalg",271
"mcmc",270
"spgrass6",270
"TraMineR",270
"elliptic",269
"tframe",269
"aster",268
"bstats",268
"cmaes",268
"shapes",268
"partitions",267
"biOps",266
"distr",266
"dplR",266
"RGCCA",266
"acs",265
"ggtern",265
"adehabitatHS",264
"spatialprobit",264
"chemometrics",263
"DCluster",263
"nls2",263
"spBayes",263
"directlabels",262
"HardyWeinberg",262
"hypergeo",262
"RH2",262
"schwartz97",262
"splus2R",262
"stepPlr",262
"yhatr",262
"HiveR",261
"LDheatmap",261
"RcmdrPlugin.temis",261
"ChainLadder",260
"exactRankTests",260
"feature",260
"lambda.r",260
"sde",260
"DiceOptim",259
"RcmdrPlugin.HH",259
"limSolve",258
"mc2d",258
"quantspec",258
"BiasedUrn",257
"contfrac",257
"GA",257
"lmodel2",257
"relaimpo",256
"ICSNP",255
"openxlsx",255
"weightedKmeans",255
"pegas",254
"RcmdrPlugin.DoE",254
"rscproxy",254
"taxize",254
"Bessel",253
"cvTools",252
"ResourceSelection",252
"tsDyn",252
"ChemometricsWithR",251
"ProjectTemplate",251
"CADFtest",250
"hts",250
"nutshell",250
"dummies",249
"ifultools",249
"MARSS",249
"SpatialExtremes",249
"treemap",249
"ccgarch",248
"lgarch",248
"ridge",248
"samr",248
"wavethresh",248
"aroma.core",247
"CDM",247
"MVA",247
"GenABEL.data",246
"skmeans",246
"ascii",245
"geonames",245
"hmeasure",245
"SSN",245
"optparse",244
"FitAR",243
"LogicReg",243
"textcat",243
"ChemoSpec",242
"haplo.stats",242
"multcompView",242
"weights",242
"BCA",241
"futile.options",241
"GeoXp",241
"RcppGSL",241
"cshapes",240
"MNP",240
"RArcInfo",240
"IPSUR",239
"ncf",239
"nutshell.audioscrobbler",239
"PresenceAbsence",239
"FD",238
"fda.usc",238
"gamlr",238
"irace",238
"apsrtable",237
"fortunes",237
"gap",237
"trimcluster",237
"Distance",236
"sphet",236
"spTimer",236
"ads",235
"AMORE",235
"plotGoogleMaps",235
"stochvol",235
"bayesGARCH",234
"bayesLife",234
"BEST",234
"LMERConvenienceFunctions",234
"micromap",234
"ncvreg",234
"nutshell.bbdb",234
"wmtsa",234
"beeswarm",233
"Benchmarking",233
"nlstools",233
"seg",233
"biomod2",232
"lmom",232
"SensoMineR",232
"wq",232
"HistData",231
"AUC",230
"cobs",230
"equivalence",230
"JM",230
"RLRsim",230
"gRain",229
"mFilter",229
"proj4",229
"RcmdrPlugin.BCA",229
"rrlda",229
"CARBayes",228
"popbio",228
"scagnostics",228
"GeneCycle",227
"ltsa",227
"seewave",227
"splm",227
"bigmemory",226
"countrycode",226
"EpiModel",226
"R.filesets",226
"RcmdrPlugin.EZR",226
"RcmdrPlugin.IPSUR",226
"RSEIS",226
"gamlss.add",225
"TAM",225
"arulesSequences",224
"homals",224
"Lmoments",224
"DoE.wrapper",223
"evdbayes",223
"apcluster",222
"knitrBootstrap",222
"MarkedPointProcess",222
"Taxonstand",222
"GWmodel",221
"QCA",221
"RcmdrPlugin.MPAStats",221
"soobench",221
"depmixS4",220
"glmmLasso",220
"MAPA",220
"portfolio",220
"tsfa",220
"caper",219
"FME",219
"clValid",218
"FGN",218
"rFerns",218
"AID",217
"aspace",217
"dbmss",217
"ibdreg",217
"opencpu",217
"longitudinalData",216
"pitchRx",216
"SNPassoc",216
"CDVine",215
"clinfun",215
"ModelMap",215
"RSiena",215
"RVAideMemoire",215
"sda",215
"GenSA",214
"Imap",214
"ppls",214
"rgbif",214
"Sejong",214
"wordnet",214
"zipcode",214
"DeducerText",213
"R2admb",213
"triangle",213
"boa",212
"Brobdingnag",212
"distrEx",212
"mailR",212
"pbdMPI",212
"ade4TkGUI",211
"heatmap.plus",211
"McSpatial",211
"osmar",211
"ptw",211
"ReporteRs",211
"bcp",210
"PairedData",210
"futile.matrix",209
"irlba",209
"polyCub",209
"psychotools",209
"spgwr",209
"termstrc",209
"EMA",208
"ismev",208
"rworldxtra",208
"SSDforR",208
"anacor",207
"BayesFactor",207
"cacheSweave",207
"glmmBUGS",207
"JMbayes",207
"Luminescence",207
"rda",207
"sirt",207
"dlnm",206
"GSIF",206
"gsmoothr",206
"OUwie",206
"PTAk",206
"rmgarch",206
"RSurvey",206
"tm.plugin.mail",206
"EvalEst",205
"mratios",205
"pcalg",205
"survivalROC",205
"tawny",205
"BCE",204
"biwavelet",204
"KRLS",204
"RMAWGEN",204
"Sleuth3",204
"biom",203
"ChemometricsWithRData",203
"koRpus",203
"markovchain",203
"monomvn",203
"QRM",203
"R.huge",203
"rainbow",203
"contrast",202
"dclone",202
"deal",202
"DiceEval",202
"Grid2Polygons",202
"MAd",202
"prob",202
"Rvcg",202
"VLMC",202
"bayesmix",201
"BMS",201
"distillery",201
"ftsa",201
"svd",201
"CTT",200
"landsat",200
"mmap",200
"prim",200
"R2wd",200
"tableone",200
"censReg",199
"conjoint",199
"dendroextras",199
"ensembleBMA",199
"gld",199
"mrds",199
"rcdd",199
"adimpro",198
"analogue",198
"ggmcmc",198
"gmt",198
"grpreg",198
"NADA",198
"poweRlaw",198
"TDMR",198
"TSclust",198
"backtest",197
"bqtl",197
"Metrics",197
"micEconAids",197
"nnls",197
"aroma.affymetrix",196
"psychometric",196
"spatial.tools",196
"Gmisc",195
"MTS",195
"svMisc",195
"AdMit",194
"audio",194
"HDclassif",194
"ncdf4",194
"agRee",193
"approximator",193
"GISTools",193
"NISTnls",193
"RMTstat",193
"AMOEBA",192
"bfast",192
"marmap",192
"Mcomp",192
"ppcor",192
"PVAClone",192
"tawny.types",192
"TSdbi",192
"VineCopula",192
"YaleToolkit",192
"AnalyzeFMRI",191
"highfrequency",191
"oro.nifti",191
"RMongo",191
"topmodel",191
"blockTools",190
"diversitree",190
"emulator",190
"gpairs",190
"phylobase",190
"recommenderlab",190
"Rz",190
"VAR.etp",190
"zipfR",190
"barcode",189
"HydroMe",189
"IBrokers",189
"PowerTOST",189
"quantregForest",189
"RcmdrPlugin.epack",189
"RPMM",189
"UScensus2010",189
"Bchron",188
"d3Network",188
"DDD",188
"graphicsQC",188
"harvestr",188
"midasr",188
"MVN",188
"NMOF",188
"RcppExamples",188
"Rssa",188
"sapa",188
"stsm.class",188
"bayesSurv",187
"eha",187
"MasterBayes",187
"Rfit",187
"RSclient",187
"A3",186
"adephylo",186
"BAYSTAR",186
"demography",186
"exams",186
"prabclus",186
"bizdays",185
"nonlinearTseries",185
"abd",184
"alphahull",184
"gglasso",184
"GSA",184
"longmemo",184
"OjaNP",184
"plspm",184
"RHmm",184
"Rlab",184
"alphashape3d",183
"aroma.apd",183
"calibrator",183
"frontier",183
"mediation",183
"R2Cuba",183
"rdatamarket",183
"reldist",183
"reporttools",183
"solr",183
"CHsharp",182
"compareGroups",182
"fossil",182
"geomapdata",182
"lambda.tools",182
"lifecontingencies",182
"LSD",182
"spcosa",182
"TeachingSampling",182
"BLR",181
"chemCal",181
"FRAPO",181
"hyperSpec",181
"meboot",181
"ReporteRsjars",181
"SpatialTools",181
"streamR",181
"truncdist",181
"dataframes2xls",180
"fractal",180
"RKEA",180
"spatialCovariance",180
"textir",180
"tm.plugin.factiva",180
"AutoSEARCH",179
"Bolstad",179
"catspec",179
"cclust",179
"ezsim",179
"GUIDE",179
"IBDsim",179
"OAIHarvester",179
"ramps",179
"stockPortfolio",179
"adaptivetau",178
"BayesLogit",178
"benchmark",178
"BGLR",178
"movMF",178
"NRAIA",178
"parcor",178
"RRF",178
"xpose4",178
"alabama",177
"alm",177
"bayesQR",177
"bootruin",177
"CompRandFld",177
"dostats",177
"gdalUtils",177
"mnlogit",177
"rminer",177
"RSelenium",177
"SemiPar",177
"simpleboot",177
"baseline",176
"HAC",176
"mixAK",176
"phylolm",176
"PropCIs",176
"rplos",176
"SASxport",176
"tabplot",176
"trip",176
"CORE",175
"FMStable",175
"GenKern",175
"HandTill2001",175
"hglm",175
"intamap",175
"nhlscrapr",175
"questionr",175
"rtf",175
"ArDec",174
"CDNmoney",174
"DPpackage",174
"emplik",174
"FieldSim",174
"h5r",174
"OrgMassSpecR",174
"PReMiuM",174
"RXKCD",174
"seasonal",174
"SoDA",174
"vrtest",174
"AtelieR",173
"EMD",173
"hierfstat",173
"ICC",173
"LaF",173
"ouch",173
"RcmdrPlugin.mosaic",173
"Rmisc",173
"Rmixmod",173
"stream",173
"taRifx.geo",173
"x12",173
"YieldCurve",173
"biOpsGUI",172
"infotheo",172
"MethComp",172
"move",172
"nnclust",172
"varSelRF",172
"dr",171
"etm",171
"parallelMap",171
"PopGenome",171
"pxR",171
"roxygen",171
"scrapeR",171
"secr",171
"BACCO",170
"BayesLCA",170
"BEDASSLE",170
"BootPR",170
"distrom",170
"linprog",170
"RadOnc",170
"RcmdrPlugin.qual",170
"Rd2roxygen",170
"rgexf",170
"shinyRGL",170
"FAiR",169
"muhaz",169
"partsm",169
"RCircos",169
"bst",168
"ecespa",168
"gems",168
"gogarch",168
"GrapheR",168
"irtoys",168
"RcmdrPlugin.doBy",168
"RcmdrPlugin.survival",168
"Runuran",168
"Unicode",168
"diveRsity",167
"flexsurv",167
"GIGrvg",167
"Guerry",167
"missForest",167
"mixexp",167
"rLakeAnalyzer",167
"RMark",167
"shinyAce",167
"KernSmoothIRT",166
"prefmod",166
"RandVar",166
"RcmdrPlugin.TeachingDemos",166
"StatDA",166
"subselect",166
"caroline",165
"FitARMA",165
"ForeCA",165
"ISOcodes",165
"PKfit",165
"RImpala",165
"SAVE",165
"smatr",165
"tm.plugin.dc",165
"TreeSim",165
"usl",165
"allan",164
"bayesDem",164
"bclust",164
"EcoHydRology",164
"lfe",164
"likert",164
"RcmdrPlugin.EACSPIR",164
"SASmixed",164
"bda",163
"BurStFin",163
"catnet",163
"ClustOfVar",163
"cwhmisc",163
"depmix",163
"ELT",163
"gamboostLSS",163
"kml",163
"logistf",163
"MPTinR",163
"psgp",163
"SIS",163
"smacof",163
"BAS",162
"betategarch",162
"biotools",162
"CollocInfer",162
"HiddenMarkov",162
"qqman",162
"random",162
"yaImpute",162
"AcceptanceSampling",161
"dae",161
"fame",161
"HistogramTools",161
"hydroPSO",161
"latticeDensity",161
"lmomRFA",161
"RcmdrPlugin.EBM",161
"RHive",161
"SCMA",161
"stashR",161
"anchors",160
"BenfordTests",160
"BoolNet",160
"brainwaver",160
"bspec",160
"CCTpack",160
"cec2013",160
"g.data",160
"LogConcDEAD",160
"mcprofile",160
"netmeta",160
"plink",160
"season",160
"StatMatch",160
"agridat",159
"bentcableAR",159
"bpca",159
"cladoRcpp",159
"COUNT",159
"DatABEL",159
"depthTools",159
"glmpath",159
"grplasso",159
"insol",159
"moonsun",159
"Morpho",159
"RcmdrPlugin.depthTools",159
"rJython",159
"RSiteCatalyst",159
"spatialsegregation",159
"conting",158
"CreditMetrics",158
"DSL",158
"DSpat",158
"mets",158
"pcse",158
"RHRV",158
"surveillance",158
"svDialogs",158
"ahaz",157
"CopyDetect",157
"DAAGxtras",157
"dlmodeler",157
"GuardianR",157
"RProtoBuf",157
"SciViews",157
"SixSigma",157
"spatialkernel",157
"Stem",157
"arfima",156
"cts",156
"dcmle",156
"gputools",156
"micEconCES",156
"ncdf.tools",156
"pdfCluster",156
"rplotengine",156
"stsm",156
"batchmeans",155
"bbemkr",155
"Bmix",155
"bmp",155
"flip",155
"flora",155
"grImport",155
"HI",155
"HMM",155
"lfstat",155
"MLDS",155
"OptimalCutpoints",155
"rlme",155
"RSKC",155
"SKAT",155
"tempdisagg",155
"TSAgg",155
"aylmer",154
"betapart",154
"bindata",154
"bpkde",154
"bReeze",154
"dti",154
"FactoClass",154
"fxregime",154
"Interpol.T",154
"mfx",154
"robfilter",154
"SCRT",154
"SCVA",154
"SDD",154
"sybil",154
"blme",153
"discretization",153
"FinCal",153
"HadoopStreaming",153
"JADE",153
"MALDIquant",153
"MESS",153
"ParamHelpers",153
"rangeMapper",153
"RcmdrPlugin.NMBU",153
"RcmdrPlugin.UCA",153
"SensitivityCaseControl",153
"siar",153
"tripEstimation",153
"weatherData",153
"BCEA",152
"GGEBiplotGUI",152
"km.ci",152
"mvnmle",152
"pairwise",152
"PASWR",152
"PearsonDS",152
"PMA",152
"pmmlTransformations",152
"seas",152
"SMPracticals",152
"sysfonts",152
"archetypes",151
"cat",151
"CHNOSZ",151
"EbayesThresh",151
"ggsubplot",151
"gwrr",151
"Iso",151
"kequate",151
"locpol",151
"mapplots",151
"micEconSNQP",151
"mlegp",151
"nlrwr",151
"PK",151
"pwt",151
"RcmdrPlugin.lfstat",151
"RcppClassic",151
"rje",151
"Ryacas",151
"skewt",151
"StatDataML",151
"tester",151
"BaylorEdPsych",150
"bigdata",150
"carcass",150
"desirability",150
"FinancialInstrument",150
"gamlss.mx",150
"GLDEX",150
"gof",150
"gRapHD",150
"HaploSim",150
"ngspatial",150
"pbdSLAP",150
"PtProcess",150
"RForcecom",150
"scam",150
"simecol",150
"smoothSurv",150
"SPARQL",150
"spatgraphs",150
"st",150
"UScensus2000tract",150
"AssetPricing",149
"BaM",149
"bayesPop",149
"BlakerCI",149
"cocorresp",149
"decctools",149
"DeducerSpatial",149
"degreenet",149
"distrTeach",149
"DoseFinding",149
"fmri",149
"LambertW",149
"lqmm",149
"qmap",149
"RTOMO",149
"rwt",149
"sparcl",149
"sqlutils",149
"TripleR",149
"ACNE",148
"apTreeshape",148
"bigmemory.sri",148
"extracat",148
"HMPTrees",148
"ISOweek",148
"jaatha",148
"MAR1",148
"mcmcplots",148
"orthopolynom",148
"Rbitcoin",148
"RcmdrPlugin.coin",148
"RcmdrPlugin.doex",148
"RcmdrPlugin.SCDA",148
"RNetLogo",148
"robustlmm",148
"RSocrata",148
"sdcMicro",148
"seacarb",148
"SharpeR",148
"UScensus2000cdp",148
"linkcomm",147
"adagio",147
"bandit",147
"BatchExperiments",147
"BayesXsrc",147
"fgac",147
"GSM",147
"Interact",147
"metagen",147
"MiscPsycho",147
"MSwM",147
"PBImisc",147
"perm",147
"SemiParBIVProbit",147
"SLC",147
"turner",147
"x12GUI",147
"aroma.cn",146
"BayesBridge",146
"GMMBoost",146
"JBTools",146
"kobe",146
"MCPAN",146
"qualV",146
"RFOC",146
"rmetasim",146
"ROI",146
"svmpath",146
"abcdeFBA",145
"BaSTA",145
"bayesTFR",145
"CBPS",145
"CommonTrend",145
"eeptools",145
"egcm",145
"equateIRT",145
"gamair",145
"GPFDA",145
"GriegSmith",145
"hdeco",145
"histogram",145
"lessR",145
"NeatMap",145
"pdc",145
"qualityTools",145
"ROSE",145
"rrBLUP",145
"textometry",145
"TimeProjection",145
"bartMachine",144
"BCBCSF",144
"compoisson",144
"diveMove",144
"ecoengine",144
"exact2x2",144
"frailtypack",144
"GEVStableGarch",144
"intergraph",144
"lcmm",144
"mixlm",144
"rgp",144
"TSTutorial",144
"UScensus2000blkgrp",144
"abn",143
"BaBooN",143
"BBMM",143
"bpcp",143
"crp.CSFP",143
"EMCluster",143
"FisherEM",143
"GMD",143
"kdetrees",143
"log4r",143
"PBSddesolve",143
"portes",143
"RaschSampler",143
"relevent",143
"svSocket",143
"SYNCSA",143
"table1xls",143
"yacca",143
"ActuDistns",142
"arulesNBMiner",142
"batch",142
"BayHaz",142
"Bclim",142
"cghFLasso",142
"Ckmeans.1d.dp",142
"classifly",142
"evmix",142
"FAdist",142
"fingerprint",142
"ic.infer",142
"intsvy",142
"pomp",142
"princurve",142
"sparkTable",142
"stm",142
"vardiag",142
"bfp",141
"broman",141
"ChargeTransport",141
"gWidgets2",141
"kappalab",141
"MAc",141
"mAr",141
"MKmisc",141
"NSM3",141
"RcmdrPlugin.orloca",141
"reportr",141
"RNiftyReg",141
"sgr",141
"TreePar",141
"AmericanCallOpt",140
"bgmm",140
"care",140
"CopulaRegression",140
"CPE",140
"enaR",140
"fgui",140
"frbs",140
"gptk",140
"hda",140
"Hotelling",140
"interval",140
"LARF",140
"logging",140
"mpoly",140
"randomSurvivalForest",140
"Rcapture",140
"RcppDE",140
"RJaCGH",140
"SAScii",140
"zyp",140
"AWS.tools",139
"bayesclust",139
"bcrm",139
"depth",139
"detect",139
"DiceView",139
"diffIRT",139
"gsDesign",139
"overlap",139
"R2SWF",139
"rpf",139
"rtop",139
"Synth",139
"TFX",139
"tnet",139
"tourr",139
"Bergm",138
"bigRR",138
"bio.infer",138
"DALY",138
"DAMisc",138
"FeedbackTS",138
"fontcm",138
"FrF2.catlg128",138
"googlePublicData",138
"laeken",138
"mhurdle",138
"phyclust",138
"portfolioSim",138
"randomLCA",138
"RcmdrPlugin.plotByGroup",138
"RcmdrPlugin.SLC",138
"RISmed",138
"acss",137
"aws",137
"BioStatR",137
"calmate",137
"cherry",137
"Delaporte",137
"faoutlier",137
"flsa",137
"geospt",137
"glpkAPI",137
"MODISTools",137
"Momocs",137
"norm",137
"orloca.es",137
"RDS",137
"reshapeGUI",137
"s20x",137
"shinyBS",137
"Sim.DiffProc",137
"SOAR",137
"survC1",137
"TBEST",137
"tm.plugin.lexisnexis",137
"accrued",136
"AdequacyModel",136
"aftgee",136
"AssotesteR",136
"BayesDA",136
"cfa",136
"classify",136
"DTK",136
"earlywarnings",136
"extraTrees",136
"FAOSTAT",136
"fastR",136
"GWASExactHW",136
"hoardeR",136
"MASSTIMATE",136
"ODMconverter",136
"onion",136
"primerTree",136
"rentrez",136
"SciencesPo",136
"SemiParSampleSel",136
"survMisc",136
"VSURF",136
"wsrf",136
"adlift",135
"awsMethods",135
"Bayesthresh",135
"cepp",135
"cgdsr",135
"clpAPI",135
"colorfulVennPlot",135
"corpora",135
"deseasonalize",135
"disclapmix",135
"distrMod",135
"extremevalues",135
"gsarima",135
"HGNChelper",135
"HWEBayes",135
"lgtdl",135
"nanop",135
"NanoStringNorm",135
"NPCD",135
"pec",135
"PopGenReport",135
"RcmdrPlugin.MA",135
"Runiversal",135
"SDDA",135
"SparseGrid",135
"spatcounts",135
"TIMP",135
"TSxls",135
"xkcd",135
"abctools",134
"AdaptFitOS",134
"amei",134
"Biograph",134
"CircNNTSR",134
"DWD",134
"effsize",134
"english",134
"fishmethods",134
"GA4Stratification",134
"gemtc",134
"GetoptLong",134
"GMCM",134
"hergm",134
"lgcp",134
"mfp",134
"mkin",134
"pso",134
"psychotree",134
"RND",134
"RXMCDA",134
"tpr",134
"ABCoptim",133
"ALDqr",133
"ALS",133
"AntWeb",133
"blockmodeling",133
"cacIRT",133
"crossdes",133
"flare",133
"GCD",133
"indicspecies",133
"iterpc",133
"MatrixEQTL",133
"MixSim",133
"MLEcens",133
"mvbutils",133
"mvSLOUCH",133
"numbers",133
"pbdPROF",133
"primer",133
"rcdk",133
"rcdklibs",133
"RcmdrPlugin.sampling",133
"RcmdrPlugin.StatisticalURV",133
"spaa",133
"spc",133
"uuid",133
"benchden",132
"BTYD",132
"chipPCR",132
"coxphw",132
"debug",132
"Evapotranspiration",132
"ExomeDepth",132
"LPStimeSeries",132
"MultiLCIRT",132
"mvna",132
"ORCME",132
"parma",132
"phia",132
"rbugs",132
"rcppbugs",132
"refund",132
"rts",132
"RXshrink",132
"SamplingStrata",132
"solaR",132
"stratification",132
"tkrgl",132
"twang",132
"AGSDest",131
"asypow",131
"cmrutils",131
"Cprob",131
"DAKS",131
"Exact",131
"flux",131
"LIM",131
"MLCM",131
"MNM",131
"mvmeta",131
"rSymPy",131
"snowFT",131
"SpatialVx",131
"SPEI",131
"superpc",131
"tm.plugin.europresse",131
"ADM3",130
"akmeans",130
"clustvarsel",130
"compound.Cox",130
"equate",130
"futile.any",130
"gamlss.tr",130
"genSurv",130
"GEVcdn",130
"GillespieSSA",130
"grofit",130
"GroupSeq",130
"NBPSeq",130
"Oarray",130
"pa",130
"pdfetch",130
"perturb",130
"PottsUtils",130
"rredis",130
"SpatioTemporal",130
"ThresholdROC",130
"vec2dtransf",130
"ACD",129
"aqfig",129
"argosfilter",129
"argparse",129
"bifactorial",129
"BiplotGUI",129
"bisoreg",129
"BSquare",129
"colbycol",129
"CompLognormal",129
"CRTSize",129
"Davies",129
"dsm",129
"exactLoglinTest",129
"ExPosition",129
"formula.tools",129
"hive",129
"lmm",129
"ndtv",129
"OIsurv",129
"OutlierDC",129
"paleoTS",129
"plsgenomics",129
"prettyGraphs",129
"RcppSMC",129
"rioja",129
"rpubchem",129
"smoothHR",129
"SuperLearner",129
"tvm",129
"babel",128
"capm",128
"deepnet",128
"DescTools",128
"DNAtools",128
"excursions",128
"gamlss.cens",128
"geotopbricks",128
"KFKSDS",128
"kml3d",128
"mail",128
"MetabolAnalyze",128
"ProfessR",128
"PwrGSD",128
"R2BayesX",128
"simPH",128
"SpatialNP",128
"spider",128
"treebase",128
"accelerometry",127
"AFLPsim",127
"amen",127
"anesrake",127
"bvls",127
"copBasic",127
"DBKGrad",127
"ETLUtils",127
"exactci",127
"fractalrock",127
"G2Sd",127
"hht",127
"MADAM",127
"PSM",127
"R2STATS",127
"R330",127
"ReacTran",127
"rrdf",127
"SCI",127
"stylo",127
"TEQR",127
"tiger",127
"ABCp2",126
"AUCRF",126
"bark",126
"Barnard",126
"BayesValidate",126
"BioMark",126
"bvpSolve",126
"CALIBERrfimpute",126
"caschrono",126
"copas",126
"DCGL",126
"difR",126
"doRedis",126
"fANCOVA",126
"GeneticTools",126
"gRim",126
"HSROC",126
"IQCC",126
"locfdr",126
"MIfuns",126
"penalizedSVM",126
"reliaR",126
"RxCEcolInf",126
"samplingVarEst",126
"SGP",126
"soilDB",126
"sorvi",126
"speedglm",126
"tm.plugin.alceste",126
"vrmlgen",126
"Actigraphy",125
"adaptMCMC",125
"AIM",125
"AnthropMMD",125
"binGroup",125
"bootRes",125
"BurStMisc",125
"BVS",125
"DAAGbio",125
"DiagTest3Grp",125
"distrTEst",125
"DynClust",125
"FHtest",125
"granova",125
"HTMLUtils",125
"influence.ME",125
"Lambda4",125
"MAMS",125
"MBmca",125
"MFDA",125
"MultiPhen",125
"PRISMA",125
"psd",125
"psychomix",125
"QCA3",125
"relaxo",125
"RobLox",125
"SINGLE",125
"wle",125
"AdaptFit",124
"Agreement",124
"anametrix",124
"asd",124
"BioPhysConnectoR",124
"CHCN",124
"clusterCrit",124
"crawl",124
"crch",124
"distory",124
"FastPCS",124
"FunCluster",124
"HHG",124
"httpRequest",124
"kst",124
"kza",124
"mefa",124
"MergeGUI",124
"MissingDataGUI",124
"mombf",124
"muscle",124
"MVPARTwrap",124
"NormalGamma",124
"nsRFA",124
"paran",124
"pps",124
"REEMtree",124
"RFinanceYJ",124
"riskRegression",124
"SPODT",124
"SPOT",124
"tdm",124
"aods3",123
"arrayhelpers",123
"BayHap",123
"bmem",123
"boss",123
"brnn",123
"chngpt",123
"climdex.pcic",123
"copulaedas",123
"deducorrect",123
"DescribeDisplay",123
"distrSim",123
"EasyABC",123
"ebdbNet",123
"ExpDes",123
"fdakma",123
"FlexParamCurve",123
"lazyWeave",123
"LSMonteCarlo",123
"maxstat",123
"MCMC.qpcr",123
"MigClim",123
"mixdist",123
"NHPoisson",123
"Ohmage",123
"PAWL",123
"PCIT",123
"penalizedLDA",123
"PERregress",123
"pmr",123
"QUIC",123
"Rclusterpp",123
"RcmdrPlugin.seeg",123
"relax",123
"Reol",123
"STAR",123
"SurvRegCensCov",123
"aCRM",122
"animalTrack",122
"ARTIVA",122
"BayesQTLBIC",122
"BayesVarSel",122
"blm",122
"DTDA",122
"eba",122
"FITSio",122
"frmqa",122
"geospacom",122
"GRTo",122
"HapEstXXR",122
"hyperdirichlet",122
"JOP",122
"LoopAnalyst",122
"maRketSim",122
"MCPMod",122
"mefa4",122
"optimsimplex",122
"phylosim",122
"ReliabilityTheory",122
"rPython",122
"rrdflibs",122
"StreamMetabolism",122
"tsModel",122
"untb",122
"vegetarian",122
"aLFQ",121
"ALKr",121
"BalancedSampling",121
"BayesSingleSub",121
"binMto",121
"Bolstad2",121
"BoSSA",121
"cacher",121
"compHclust",121
"coxphf",121
"GAD",121
"gumbel",121
"hmm.discnp",121
"ivivc",121
"lava.tobit",121
"mar1s",121
"MortalitySmooth",121
"networksis",121
"optimbase",121
"RcmdrPlugin.pointG",121
"RNCEP",121
"RobAStBase",121
"semPLS",121
"sharx",121
"SoilR",121
"spatsurv",121
"timeline",121
"TSSQLite",121
"arf3DS4",120
"aspect",120
"assertive",120
"biglars",120
"bmrm",120
"coarseDataTools",120
"coxrobust",120
"CPHshape",120
"dataview",120
"dpmixsim",120
"DTComPair",120
"dynsurv",120
"ESG",120
"ExtremeBounds",120
"HLMdiag",120
"interventionalDBN",120
"KappaV",120
"kernelFactory",120
"mixRasch",120
"numOSL",120
"ordBTL",120
"psyphy",120
"rateratio.test",120
"RFreak",120
"Rlabkey",120
"rmngb",120
"RobLoxBioC",120
"ROptEst",120
"SIN",120
"ABCExtremes",119
"bspmma",119
"cancerTiming",119
"crrstep",119
"devEMF",119
"Devore7",119
"Dominance",119
"dynamicGraph",119
"eigenmodel",119
"elrm",119
"EMC",119
"EstCRM",119
"excel.link",119
"fanplot",119
"findpython",119
"glarma",119
"growcurves",119
"gWidgets2tcltk",119
"IC2",119
"influence.SEM",119
"Jmisc",119
"Johnson",119
"magicaxis",119
"monreg",119
"mvProbit",119
"NestedCohort",119
"PBSadmb",119
"pwt8",119
"R0",119
"RcmdrPlugin.sos",119
"rtiff",119
"seeg",119
"SemiMarkov",119
"simex",119
"ACCLMA",118
"Ace",118
"aCGH.Spline",118
"BASIX",118
"blockrand",118
"bootStepAIC",118
"CAMAN",118
"cda",118
"colortools",118
"cramer",118
"CVST",118
"drfit",118
"ENA",118
"expectreg",118
"FinAsym",118
"GeoLight",118
"geozoo",118
"GGIR",118
"grt",118
"hier.part",118
"ICE",118
"IsoGene",118
"lpridge",118
"Modalclust",118
"MPCI",118
"NetData",118
"nodeHarvest",118
"normalp",118
"partDSA",118
"PCICt",118
"PET",118
"pglm",118
"QTLRel",118
"RFGLS",118
"rfigshare",118
"rknn",118
"signalextraction",118
"SRRS",118
"strum",118
"ThreeWay",118
"yhat",118
"AlleleRetain",117
"AquaEnv",117
"bayesMCClust",117
"cape",117
"CommonJavaJars",117
"COMPoissonReg",117
"cooccur",117
"CRM",117
"darch",117
"denpro",117
"designGG",117
"EBMAforecast",117
"editrules",117
"events",117
"experiment",117
"fastclime",117
"games",117
"GrassmannOptim",117
"hybridHclust",117
"imputeYn",117
"IPMpack",117
"locits",117
"mco",117
"mhsmm",117
"miscF",117
"neldermead",117
"NPCirc",117
"OrdinalLogisticBiplot",117
"oro.dicom",117
"pipeR",117
"plot3Drgl",117
"RPyGeo",117
"seqminer",117
"simba",117
"stpp",117
"WeightedCluster",117
"B2Z",116
"BAMMtools",116
"betaper",116
"BiDimRegression",116
"BiomarkeR",116
"changeLOS",116
"CoClust",116
"dataone",116
"dcemriS4",116
"DIME",116
"distrDoc",116
"distrEllipse",116
"eHOF",116
"financial",116
"G1DBN",116
"gamlss.demo",116
"geostatsp",116
"gRc",116
"GUTS",116
"lomb",116
"LowRankQP",116
"migest",116
"MTurkR",116
"OptHedging",116
"PSAgraphics",116
"rela",116
"ripa",116
"sensR",116
"SimRAD",116
"spectral.methods",116
"svTools",116
"TESS",116
"WWGbook",116
"allelematch",115
"astro",115
"autopls",115
"benford.analysis",115
"bfa",115
"Biodem",115
"BSagri",115
"catIrt",115
"CCP",115
"commandr",115
"corHMM",115
"cplm",115
"DandEFA",115
"DEMEtics",115
"ecolMod",115
"EnvStats",115
"EpiContactTrace",115
"fds",115
"gplm",115
"hwde",115
"mlr",115
"MSQC",115
"oblique.tree",115
"onemap",115
"OrdFacReg",115
"pear",115
"profdpm",115
"R2PPT",115
"RcmdrPlugin.SM",115
"risksetROC",115
"Rquake",115
"Segmentor3IsBack",115
"seqRFLP",115
"SGL",115
"SGPdata",115
"splitstackshape",115
"yuima",115
"acer",114
"algstat",114
"AnnotLists",114
"ArrayBin",114
"ars",114
"bild",114
"binhf",114
"CLSOCP",114
"cocor",114
"cocron",114
"condGEE",114
"DIFlasso",114
"emg",114
"endorse",114
"enviPat",114
"epibasix",114
"fastGHQuad",114
"forensim",114
"gbs",114
"GWAtoolbox",114
"HMP",114
"HTSCluster",114
"intReg",114
"mada",114
"MarkowitzR",114
"MGLM",114
"Mobilize",114
"NetIndices",114
"paleofire",114
"paleotree",114
"peperr",114
"perARMA",114
"PKgraph",114
"poibin",114
"powerSurvEpi",114
"REQS",114
"RPPanalyzer",114
"SampleSizeMeans",114
"SEERaBomb",114
"SimpleTable",114
"TSodbc",114
"vines",114
"acopula",113
"AdapEnetClass",113
"bamdit",113
"bdpv",113
"Bhat",113
"blockcluster",113
"bootfs",113
"BrailleR",113
"CCM",113
"CITAN",113
"CNVassoc",113
"COSINE",113
"CRF",113
"DeducerPlugInScaling",113
"dgof",113
"EDR",113
"EMMREML",113
"epoc",113
"geeM",113
"giRaph",113
"gnumeric",113
"gWidgetsWWW",113
"hddplot",113
"IgorR",113
"imputeR",113
"IsotopeR",113
"Kmisc",113
"lmSupport",113
"meifly",113
"MetaQC",113
"MicSim",113
"MissMech",113
"mRm",113
"nlts",113
"OPI",113
"optpart",113
"plsRglm",113
"pspearman",113
"QCAGUI",113
"qrnn",113
"RDSTK",113
"SamplerCompare",113
"sigclust",113
"SigTree",113
"soiltexture",113
"ssanv",113
"Tides",113
"adaptTest",112
"Animal",112
"aprof",112
"bams",112
"bigml",112
"birdring",112
"blighty",112
"BMN",112
"BNPdensity",112
"bootES",112
"CCAGFA",112
"ConConPiWiFun",112
"CorrBin",112
"Correlplot",112
"covRobust",112
"CpGassoc",112
"crossval",112
"cslogistic",112
"dblcens",112
"diseasemapping",112
"factorQR",112
"genlasso",112
"glogis",112
"hett",112
"HIBAG",112
"kmi",112
"LCA",112
"ldbounds",112
"list",112
"longpower",112
"MOCCA",112
"mRMRe",112
"nlmrt",112
"OPDOE",112
"operator.tools",112
"PearsonICA",112
"pheno2geno",112
"Rcell",112
"Rcolombos",112
"readbitmap",112
"Rgbp",112
"ROI.plugin.glpk",112
"RoughSets",112
"Rpdb",112
"siplab",112
"SPACECAP",112
"spikeslab",112
"SwissAir",112
"TestScorer",112
"TukeyC",112
"TunePareto",112
"adaptsmoFMRI",111
"appell",111
"BaSAR",111
"bayess",111
"brainR",111
"CatDyn",111
"crmn",111
"cusp",111
"dicionariosIBGE",111
"dynaTree",111
"EpiEstim",111
"fanovaGraph",111
"FRBData",111
"GenOrd",111
"GUniFrac",111
"GWAF",111
"ipw",111
"MALDIquantForeign",111
"MATTOOLS",111
"mcGlobaloptim",111
"metrumrg",111
"mixsmsn",111
"msap",111
"nparcomp",111
"operators",111
"PCovR",111
"pedigree",111
"PhaseType",111
"Power2Stage",111
"prevalence",111
"prevR",111
"Rdsm",111
"RenextGUI",111
"rmmseg4j",111
"RobustAFT",111
"RODM",111
"ROptEstOld",111
"ROptRegTS",111
"SQN",111
"TAQMNGR",111
"treecm",111
"TrialSize",111
"TSPostgreSQL",111
"VarSwapPrice",111
"VPdtw",111
"anoint",110
"basicspace",110
"bcpa",110
"bmd",110
"CePa",110
"clusterfly",110
"CMC",110
"COBRA",110
"complex.surv.dat.sim",110
"CorReg",110
"CSS",110
"Daim",110
"dse1",110
"EMT",110
"estout",110
"EVER",110
"FastRCS",110
"FBN",110
"fbRanks",110
"Flury",110
"fso",110
"GhcnDaily",110
"glcm",110
"LatticeKrig",110
"LS2W",110
"mixer",110
"mmod",110
"MultinomialCI",110
"OpenRepGrid",110
"pavo",110
"PCAmixdata",110
"phyloclim",110
"PKI",110
"PPtree",110
"prospectr",110
"rapport",110
"SAM",110
"SiZer",110
"SmithWilsonYieldCurve",110
"TShistQuote",110
"TTAinterfaceTrendAnalysis",110
"zic",110
"ZIM",110
"aoristic",109
"BGPhazard",109
"bigrf",109
"biopara",109
"ChoiceModelR",109
"CLAG",109
"clickstream",109
"clime",109
"cmm",109
"concor",109
"datamart",109
"dendextend",109
"drm",109
"entropart",109
"fbati",109
"gcExplorer",109
"hierNet",109
"HPOSim",109
"LCFdata",109
"mcga",109
"mcIRT",109
"multigroup",109
"multinomRob",109
"mvabund",109
"mwa",109
"opefimor",109
"PBC",109
"pks",109
"RankAggreg",109
"Rankcluster",109
"RcppBDT",109
"relsurv",109
"RGIFT",109
"sybilSBML",109
"tolerance",109
"ARTP",108
"AdaptiveSparsity",108
"AllPossibleSpellings",108
"antitrust",108
"aqr",108
"aster2",108
"BayesCR",108
"BayesMed",108
"BEQI2",108
"binomTools",108
"BioGeoBEARS",108
"Blaunet",108
"boussinesq",108
"CellularAutomaton",108
"clhs",108
"clusterPower",108
"ClustVarLV",108
"DATforDCEMRI",108
"DDHFm",108
"DeducerSurvival",108
"Devore6",108
"DPw",108
"EBS",108
"FAMT",108
"FAwR",108
"gdimap",108
"ggparallel",108
"gMCP",108
"GOsummaries",108
"HDMD",108
"hitandrun",108
"ICEinfer",108
"LearnEDA",108
"LOST",108
"MAMSE",108
"mapmisc",108
"MChtest",108
"MetABEL",108
"MetaSKAT",108
"metatest",108
"MHadaptive",108
"MicroStrategyR",108
"miscFuncs",108
"mlogitBMA",108
"mvcwt",108
"nets",108
"NPHMC",108
"phylotools",108
"plsRcox",108
"readBrukerFlexData",108
"rebird",108
"RSofia",108
"RWeather",108
"samplingEstimates",108
"SGCS",108
"support.CEs",108
"synlik",108
"Thinknum",108
"TRIANG",108
"tsbugs",108
"tslars",108
"WeightedPortTest",108
"zoom",108
"anapuce",107
"ant",107
"ber",107
"biplotbootGUI",107
"celestial",107
"clusterRepro",107
"DeducerPlugInExample",107
"edrGraphicalTools",107
"FFD",107
"gcmr",107
"hbsae",107
"IsoCI",107
"lordif",107
"mathgraph",107
"MetaPCA",107
"minerva",107
"NlsyLinks",107
"NORMT3",107
"opm",107
"PBD",107
"PIN",107
"polyapost",107
"ptinpoly",107
"QuasiSeq",107
"R2MLwiN",107
"rinat",107
"rnoaa",107
"RobRex",107
"ROI.plugin.quadprog",107
"rstream",107
"SmarterPoland",107
"spuRs",107
"TExPosition",107
"tractor.base",107
"ycinterextra",107
"AOfamilies",106
"agop",106
"AncestryMapper",106
"Anthropometry",106
"AtmRay",106
"BACprior",106
"bagRboostR",106
"BinNor",106
"binomlogit",106
"choplump",106
"clinsig",106
"clogitL1",106
"cobs99",106
"crank",106
"CrypticIBDcheck",106
"dglm",106
"fastcox",106
"frm",106
"geigen",106
"genoPlotR",106
"GPseq",106
"Haplin",106
"HMR",106
"laser",106
"Lock5Data",106
"mcsm",106
"metaLik",106
"MVR",106
"Nippon",106
"NominalLogisticBiplot",106
"npde",106
"ODB",106
"PhViD",106
"RCassandra",106
"Renext",106
"retimes",106
"RIGHT",106
"RnavGraph",106
"SampleSizeProportions",106
"SBSA",106
"smoothmest",106
"SMVar",106
"soma",106
"svSweave",106
"svWidgets",106
"timetools",106
"TSfame",106
"tsne",106
"abf2",105
"agrmt",105
"astroFns",105
"beadarrayMSV",105
"cccd",105
"CCMnet",105
"crrSC",105
"cudaBayesregData",105
"CVThresh",105
"diffractometry",105
"disclap",105
"etable",105
"fast",105
"ForImp",105
"fractaldim",105
"FuncMap",105
"FuzzyNumbers",105
"fuzzyRankTests",105
"GDELTtools",105
"GGMselect",105
"gnmf",105
"helsinki",105
"IndependenceTests",105
"inlinedocs",105
"isopam",105
"iterLap",105
"JoSAE",105
"LDExplorer",105
"loglognorm",105
"mixreg",105
"MMST",105
"MonoPoly",105
"mutoss",105
"npst",105
"ORIClust",105
"pbo",105
"pdist",105
"PLRModels",105
"plsdepot",105
"QSARdata",105
"RelativeRisk",105
"rHealthDataGov",105
"RObsDat",105
"samplesize",105
"samplingbook",105
"SDaA",105
"sltl",105
"spocc",105
"SRPM",105
"SSsimple",105
"stepwise",105
"strvalidator",105
"survrec",105
"TPmsm",105
"trustOptim",105
"XBRL",105
"abundant",104
"ACTCD",104
"allelic",104
"AMAP.Seq",104
"ARPobservation",104
"ascrda",104
"BCDating",104
"BigTSP",104
"bios2mds",104
"c3net",104
"cghseg",104
"egonet",104
"EMJumpDiffusion",104
"ESPRESSO",104
"EvCombR",104
"FacPad",104
"fdth",104
"fun",104
"gooJSON",104
"GRaF",104
"HMMmix",104
"HUM",104
"irtProb",104
"kaps",104
"kitagawa",104
"kriging",104
"LinearizedSVR",104
"llama",104
"MLPAstats",104
"modelfree",104
"ModelGood",104
"nlmeODE",104
"nplplot",104
"PoiClaClu",104
"pyramid",104
"QZ",104
"RcppCNPy",104
"rgrs",104
"RhpcBLASctl",104
"RSA",104
"SearchTrees",104
"snp.plotter",104
"spikeSlabGAM",104
"synbreed",104
"tableplot",104
"zCompositions",104
"andrews",103
"BayesComm",103
"bayesGDS",103
"Bayesianbetareg",103
"bigsplines",103
"blender",103
"bmmix",103
"cimis",103
"coneproj",103
"costat",103
"CovSel",103
"dagR",103
"DirichletReg",103
"dirmult",103
"DOBAD",103
"FastRWeb",103
"FLLat",103
"fscaret",103
"FTICRMS",103
"gaussDiff",103
"gaussquad",103
"GENEAread",103
"GeneFeST",103
"gWidgets2RGtk2",103
"HPO.db",103
"IMIS",103
"LifeTables",103
"MAMA",103
"MicroDatosEs",103
"NMFN",103
"obliqueRF",103
"pendensity",103
"PKreport",103
"pvclass",103
"QuantifQuantile",103
"rainfreq",103
"rbitcoinchartsapi",103
"Rdpack",103
"RMessenger",103
"rriskDistributions",103
"scaleboot",103
"sdcMicroGUI",103
"SimuChemPC",103
"streamMOA",103
"sudoku",103
"TraMineRextras",103
"VBLPCM",103
"ZeligGAM",103
"bayescount",102
"BayesSAE",102
"bbo",102
"c060",102
"cluster.datasets",102
"Compounding",102
"ConvergenceConcepts",102
"CoxRidge",102
"crn",102
"ddepn",102
"detrendeR",102
"dfcrm",102
"Dodge",102
"EasyHTMLReport",102
"ecosim",102
"EcoTroph",102
"far",102
"GPvam",102
"gridGraphviz",102
"KsPlot",102
"LDcorSV",102
"LEAPFrOG",102
"mcclust",102
"MDPtoolbox",102
"metabolomics",102
"metRology",102
"MsatAllele",102
"MSG",102
"Multiclasstesting",102
"nat.utils",102
"NetCluster",102
"ngramr",102
"Nozzle.R1",102
"OLScurve",102
"Oncotree",102
"PCS",102
"PEIP",102
"PKtools",102
"plRasch",102
"PVR",102
"rbison",102
"Rcpp11",102
"Rniftilib",102
"robustHD",102
"Rothermel",102
"rspa",102
"scrime",102
"TSgetSymbol",102
"wesanderson",102
"wtcrsk",102
"accrual",101
"allanvar",101
"ALSCPC",101
"AnDE",101
"BayesNI",101
"BCEs0",101
"BGSIMD",101
"CaDENCE",101
"ccaPP",101
"cellVolumeDist",101
"concreg",101
"covTest",101
"CPMCGLM",101
"dhglm",101
"dielectric",101
"DiversitySampler",101
"EMCC",101
"ExceedanceTools",101
"informR",101
"longclust",101
"Maeswrap",101
"mgpd",101
"MMS",101
"NCmisc",101
"parfm",101
"pedigreemm",101
"polysat",101
"r4ss",101
"RadioSonde",101
"RAMpath",101
"rankhazard",101
"rivervis",101
"rmaf",101
"saws",101
"sbgcop",101
"scio",101
"ScottKnott",101
"SenSrivastava",101
"SPA3G",101
"Storm",101
"TilePlot",101
"truncSP",101
"YourCast",101
"ZeligChoice",101
"acss.data",100
"audit",100
"BAEssd",100
"batade",100
"bbefkr",100
"binseqtest",100
"bootspecdens",100
"breakpoint",100
"cardidates",100
"CausalGAM",100
"cheddar",100
"coloc",100
"compeir",100
"CR",100
"DBGSA",100
"DNAprofiles",100
"dynatopmodel",100
"etasFLP",100
"FeaLect",100
"foba",100
"gambin",100
"GPLTR",100
"isotone",100
"kelvin",100
"learningr",100
"likeLTD",100
"LINselect",100
"MASSI",100
"MCMChybridGP",100
"MDR",100
"mixPHM",100
"MPDiR",100
"OIdata",100
"PerfMeas",100
"PP",100
"ProbForecastGOP",100
"rdetools",100
"ResistorArray",100
"riv",100
"Rknots",100
"sdcTable",100
"SEMModComp",100
"sphereplot",100
"SQUAREM",100
"StVAR",100
"TSzip",100
"VDA",100
"WilcoxCV",100
"xtermStyle",100
"ARAMIS",99
"asympTest",99
"attfad",99
"bayespref",99
"bc3net",99
"bethel",99
"BMAmevt",99
"boxplotdbl",99
"CARE1",99
"CIFsmry",99
"CombMSC",99
"cond",99
"COP",99
"dataonelibs",99
"diffusionMap",99
"dmt",99
"dosresmeta",99
"EffectStars",99
"EngrExpt",99
"eqtl",99
"expands",99
"Familias",99
"forward",99
"fSRM",99
"glmnetcr",99
"GLSME",99
"gProfileR",99
"HEAT",99
"HiCseg",99
"HTSDiff",99
"HWEintrinsic",99
"hydroApps",99
"INLABMA",99
"iRefR",99
"IsingFit",99
"isva",99
"JudgeIt",99
"LICORS",99
"loa",99
"maptpx",99
"miscset",99
"Myrrix",99
"OligoSpecificitySystem",99
"oposSOM",99
"packHV",99
"phonTools",99
"plan",99
"RbioRXN",99
"RcppClassicExamples",99
"readMzXmlData",99
"rfishbase",99
"rNOMADS",99
"Rramas",99
"rrcovNA",99
"rsgcc",99
"sca",99
"SeleMix",99
"SNPtools",99
"sparseLDA",99
"sqliter",99
"timesboot",99
"TimeWarp",99
"varSelectIP",99
"VIMGUI",99
"wrspathrow",99
"ZeBook",99
"APSIMBatch",98
"acm4r",98
"AMGET",98
"apple",98
"audiolyzR",98
"b6e6rl",98
"bdoc",98
"binomSamSize",98
"biwt",98
"BOG",98
"CALINE3",98
"CDLasso",98
"cg",98
"CIDnetworks",98
"citbcmst",98
"comparison",98
"ConvCalendar",98
"DCL",98
"DnE",98
"dnet",98
"DunnettTests",98
"easyanova",98
"emme2",98
"ergm.userterms",98
"ExactCIdiff",98
"FLSSS",98
"Funclustering",98
"GeneF",98
"gitter",98
"gsalib",98
"IM",98
"ipdmeta",98
"JGL",98
"lcd",98
"lpc",98
"mpt",98
"mra",98
"plfm",98
"plot2groups",98
"RMendeley",98
"rrcovHD",98
"RWinEdt",98
"SMIR",98
"SNPmaxsel",98
"spacom",98
"survBayes",98
"TSdata",98
"TSHRC",98
"TSsql",98
"VariABEL",98
"VecStatGraphs3D",98
"wgaim",98
"wpp2012",98
"YuGene",98
"ZeligMultilevel",98
"aml",97
"anaglyph",97
"bgeva",97
"binda",97
"BIPOD",97
"CHAT",97
"CityPlot",97
"CNVassocData",97
"CondReg",97
"datautils",97
"ddalpha",97
"decon",97
"df2json",97
"dissUtils",97
"DRI",97
"ETC",97
"fechner",97
"forams",97
"GDAtools",97
"glmc",97
"hapassoc",97
"hexView",97
"highriskzone",97
"hydrogeo",97
"kimisc",97
"KrigInv",97
"LIStest",97
"LSC",97
"MapGAM",97
"mapStats",97
"marked",97
"matrixpls",97
"MaXact",97
"MRCE",97
"MultEq",97
"multiPIM",97
"mvMORPH",97
"mvtBinaryEP",97
"ocedata",97
"OneHandClapping",97
"OneTwoSamples",97
"outbreaker",97
"ParDNAcopy",97
"pca3d",97
"Peaks",97
"pequod",97
"phmm",97
"phtt",97
"poilog",97
"PredictiveRegression",97
"RAtmosphere",97
"rgr",97
"rmatio",97
"scholar",97
"scidb",97
"simFrame",97
"soundecology",97
"SPSL",97
"AmpliconDuo",96
"bisectr",96
"BiSEp",96
"BMhyd",96
"bootLR",96
"breakage",96
"bride",96
"cgh",96
"clusteval",96
"coalescentMCMC",96
"CORM",96
"cosmosR",96
"DAGGER",96
"DECIDE",96
"deTestSet",96
"DFIT",96
"DivMelt",96
"dna",96
"DTR",96
"dvn",96
"ebal",96
"elmNN",96
"EnQuireR",96
"eVenn",96
"FLR",96
"frontiles",96
"FusedLasso",96
"FuzzyToolkitUoN",96
"gamlss.util",96
"GeneReg",96
"genridge",96
"GPfit",96
"het.test",96
"ICEbox",96
"ICGE",96
"InteractiveIGraph",96
"introgress",96
"ISBF",96
"itsmr",96
"lga",96
"logconcens",96
"mixture",96
"monmlp",96
"mpm",96
"mvtsplot",96
"Myrrixjars",96
"nat",96
"OrdMonReg",96
"papeR",96
"PoissonSeq",96
"poistweedie",96
"POT",96
"powell",96
"ProgGUIinR",96
"PST",96
"PubMedWordcloud",96
"QuACN",96
"R2GUESS",96
"RNCBIEUtilsLibs",96
"SimHap",96
"space",96
"svIDE",96
"tframePlus",96
"TRAMPR",96
"vcf2geno",96
"VecStatGraphs2D",96
"vegdata",96
"Wats",96
"additivityTests",95
"adhoc",95
"anominate",95
"BayesPen",95
"bdynsys",95
"bionetdata",95
"Brq",95
"bursts",95
"cccrm",95
"CFL",95
"CNprep",95
"comato",95
"crqa",95
"currentSurvival",95
"cvAUC",95
"Demerelate",95
"DendSer",95
"DistatisR",95
"dpcR",95
"emdist",95
"FastImputation",95
"fdasrvf",95
"ffmanova",95
"fwdmsa",95
"fwsim",95
"GANPA",95
"GANPAdata",95
"HPbayes",95
"hypervolume",95
"IUPS",95
"LeafAngle",95
"lmeSplines",95
"lmmlasso",95
"LogrankA",95
"MAINT.Data",95
"mcr",95
"metacom",95
"MKLE",95
"NightDay",95
"notifyR",95
"npmlreg",95
"NPMVCP",95
"npRmpi",95
"OceanView",95
"OmicKriging",95
"pbatR",95
"PCGSE",95
"plgp",95
"PLIS",95
"polytomous",95
"Pomic",95
"qtlbim",95
"qtlDesign",95
"quantregGrowth",95
"rbundler",95
"rdd",95
"RepeatedHighDim",95
"rexpokit",95
"RMediation",95
"RNCBI",95
"rocc",95
"RSDA",95
"SAMURAI",95
"SportsAnalytics",95
"Stack",95
"Stat2Data",95
"TBSSurvival",95
"teigen",95
"TestSurvRec",95
"texmex",95
"TimeMachine",95
"xergm",95
"YPmodel",95
"ATmet",94
"aidar",94
"BlockMessage",94
"boostSeq",94
"bPeaks",94
"cgam",94
"CoinMinD",94
"conics",94
"ConjointChecks",94
"corrsieve",94
"cwm",94
"dafs",94
"dataQualityR",94
"depend.truncation",94
"DetSel",94
"discreteRV",94
"DSsim",94
"DynamicDistribution",94
"eigeninv",94
"FREQ",94
"gains",94
"geophys",94
"gMWT",94
"IBHM",94
"igraphtosonia",94
"Interpol",94
"iteRates",94
"jackknifeKME",94
"JPSurv",94
"LeLogicielR",94
"LVQTools",94
"MCPerm",94
"MDM",94
"metacor",94
"MiClip",94
"MixMAP",94
"MPSEM",94
"MultiOrd",94
"multitaper",94
"NPMLEcmprsk",94
"pathmox",94
"PermAlgo",94
"PF",94
"PGM2",94
"phenology",94
"qrfactor",94
"R2G2",94
"Reliability",94
"RJSONLD",94
"rphast",94
"SAPP",94
"SII",94
"SmoothHazard",94
"sqlshare",94
"StAMPP",94
"svcm",94
"Vdgraph",94
"VHDClassification",94
"WrightMap",94
"bcv",93
"bold",93
"camel",93
"capushe",93
"CheckDigit",93
"clues",93
"clustsig",93
"conicfit",93
"CONORData",93
"crimCV",93
"cSFM",93
"daewr",93
"dbstats",93
"dice",93
"eaf",93
"edcc",93
"edeR",93
"emma",93
"ExpDes.pt",93
"FactMixtAnalysis",93
"factualR",93
"filehashSQLite",93
"FindIt",93
"FindMinIC",93
"FWDselect",93
"geoChina",93
"glmdm",93
"hybridEnsemble",93
"ifa",93
"Kpart",93
"LargeRegression",93
"LCAextend",93
"ldDesign",93
"MCDA",93
"metap",93
"MImix",93
"MMIX",93
"MSeasy",93
"MSeasyTkGUI",93
"multgee",93
"multipol",93
"nacopula",93
"optBiomarker",93
"OutlierDM",93
"pairwiseCI",93
"paramlink",93
"pedantics",93
"peptider",93
"poisson.glm.mix",93
"PropClust",93
"qtlnet",93
"R4CouchDB",93
"randaes",93
"recluster",93
"rhosp",93
"RNCBIAxis2Libs",93
"RockFab",93
"rsig",93
"rvHPDT",93
"saemix",93
"SeqGrapheR",93
"showtext",93
"smcure",93
"SortableHTMLTables",93
"StateTrace",93
"weathermetrics",93
"wrspathrowData",93
"BerlinData",92
"bilan",92
"boostr",92
"caribou",92
"chebpol",92
"CINID",92
"cncaGUI",92
"CONOR",92
"cosmoFns",92
"cosso",92
"crossmatch",92
"csampling",92
"demi",92
"erpR",92
"ETAS",92
"features",92
"FField",92
"fpca",92
"ftnonpar",92
"gamlss.nl",92
"gfcanalysis",92
"gllm",92
"glmpathcr",92
"goalprog",92
"gPdtest",92
"HAPim",92
"hapsim",92
"InPosition",92
"joineR",92
"Julia",92
"lassoscore",92
"LIHNPSD",92
"ltmle",92
"maxlike",92
"MCAPS",92
"MetaDE",92
"MetSizeR",92
"MExPosition",92
"MM",92
"multiplex",92
"muma",92
"MVB",92
"NetComp",92
"objectProperties",92
"objectSignals",92
"OOmisc",92
"pacbpred",92
"PairViz",92
"PIPS",92
"polywog",92
"predmixcor",92
"qp",92
"queueing",92
"rARPACK",92
"RcppProgress",92
"Rdroolsjars",92
"ReCiPa",92
"RFLPtools",92
"rococo",92
"RTextureMetrics",92
"seqMeta",92
"servr",92
"SimCorMultRes",92
"simexaft",92
"sisus",92
"smart",92
"soilphysics",92
"sparseHessianFD",92
"StatRank",92
"survIDINRI",92
"sweSCB",92
"synbreedData",92
"TDD",92
"TFMPvalue",92
"TUWmodel",92
"varComp",92
"BSSasymp",91
"capwire",91
"CensRegMod",91
"cheb",91
"clusthaplo",91
"coefficientalpha",91
"cold",91
"CompareTests",91
"condmixt",91
"correlate",91
"cpca",91
"cvq2",91
"dbEmpLikeGOF",91
"ddst",91
"dglars",91
"drmdel",91
"eiPack",91
"emdatr",91
"EMMAgeo",91
"evobiR",91
"extfunnel",91
"factorplot",91
"frailtyHL",91
"gamclass",91
"gbRd",91
"GExMap",91
"globalboosttest",91
"HBSTM",91
"HotDeckImputation",91
"intcox",91
"irtrees",91
"Laterality",91
"leapp",91
"LPmerge",91
"lss",91
"LTPDvar",91
"ltsk",91
"Mangrove",91
"mclogit",91
"miRtest",91
"MRsurv",91
"networkTomography",91
"nlreg",91
"ORMDR",91
"PlayerRatings",91
"PopED",91
"profileR",91
"qat",91
"QCGWAS",91
"RAD",91
"RClimMAWGEN",91
"Rdrools",91
"rebmix",91
"RefFreeEWAS",91
"Rhh",91
"RnavGraphImageData",91
"Rtsne",91
"Rwinsteps",91
"SEL",91
"selectr",91
"simboot",91
"SimultAnR",91
"SMNCensReg",91
"someMTP",91
"squash",91
"Survgini",91
"survPresmooth",91
"svKomodo",91
"SvyNom",91
"TriMatch",91
"tsbridge",91
"tth",91
"wnominate",91
"wskm",91
"XiMpLe",91
"BayesGESM",90
"bivarRIpower",90
"bmk",90
"CAvariants",90
"cec2005benchmark",90
"classGraph",90
"clere",90
"clustergas",90
"clustrd",90
"compareODM",90
"confReg",90
"csSAM",90
"datacheck",90
"dixon",90
"dlmap",90
"domino",90
"EDISON",90
"EMMIXuskew",90
"fCertificates",90
"FRACTION",90
"gcdnet",90
"geoscale",90
"glmperm",90
"gsbDesign",90
"hbim",90
"HIest",90
"Holidays",90
"HSAUR3",90
"hwriterPlus",90
"LogisticDx",90
"MBCluster.Seq",90
"MorseGen",90
"ndl",90
"odfWeave.survey",90
"opmdata",90
"parallelize.dynamic",90
"ParetoPosStable",90
"PhysicalActivity",90
"pmg",90
"popgen",90
"PopGenKit",90
"PropScrRand",90
"RCA",90
"RcppRoll",90
"rfisheries",90
"rJPSGCS",90
"rngwell19937",90
"robustreg",90
"ROC632",90
"sendplot",90
"SHIP",90
"SMCRM",90
"SphericalCubature",90
"Surrogate",90
"topologyGSA",90
"trapezoid",90
"TSdist",90
"usdm",90
"vegclust",90
"waterData",90
"WMCapacity",90
"avgrankoverlap",89
"bdvis",89
"beadarrayFilter",89
"cggd",89
"CircE",89
"citccmst",89
"CMPControl",89
"Comp2ROC",89
"CUMP",89
"desire",89
"DiscreteWeibull",89
"DivE",89
"dvfBm",89
"dynsim",89
"ecoreg",89
"EMVC",89
"epade",89
"epr",89
"expoTree",89
"galts",89
"GibbsACOV",89
"granovaGG",89
"grouped",89
"GSAgm",89
"GSE",89
"GWRM",89
"imguR",89
"imputeMDR",89
"InterVA4",89
"investr",89
"JohnsonDistribution",89
"jvmr",89
"KappaGUI",89
"kolmim",89
"kyotil",89
"laercio",89
"lbiassurv",89
"LDtests",89
"LGS",89
"logcondiscr",89
"MAclinical",89
"mallet",89
"mcbiopi",89
"MFHD",89
"MindOnStats",89
"MIPHENO",89
"MultiChIPmixHMM",89
"multicon",89
"multitable",89
"MVpower",89
"parmigene",89
"PHeval",89
"pkgutils",89
"pseudo",89
"rBeta2009",89
"RCPmod",89
"Rdistance",89
"reader",89
"REPPlab",89
"robumeta",89
"ROCt",89
"rstiefel",89
"sms",89
"SpherWave",89
"StMoSim",89
"survAUC",89
"SWATmodel",89
"SynergizeR",89
"TScompare",89
"vimcom",89
"waterfall",89
"WordPools",89
"simPopulation",88
"apmsWAPP",88
"argparser",88
"autoencoder",88
"BaySIC",88
"bezier",88
"biasbetareg",88
"bimetallic",88
"bnpmr",88
"bujar",88
"CCpop",88
"cloudUtil",88
"CombinS",88
"corcounts",88
"cpk",88
"datamap",88
"DiscreteInverseWeibull",88
"displayHTS",88
"ds",88
"DSBayes",88
"DTMCPack",88
"EMP",88
"EntropyEstimation",88
"fanc",88
"fdaMixed",88
"fftwtools",88
"fICA",88
"fishmove",88
"fit4NM",88
"futile.paradigm",88
"FuzzyStatProb",88
"GABi",88
"glmmGS",88
"groc",88
"gtx",88
"in2extRemes",88
"ISDA.R",88
"klausuR",88
"lassoshooting",88
"lazyData",88
"lint",88
"LMest",88
"lmmfit",88
"lspls",88
"marelac",88
"MAT",88
"MPINet",88
"MuFiCokriging",88
"nbpMatching",88
"NormPsy",88
"NSA",88
"PDSCE",88
"pnn",88
"poppr",88
"psytabs",88
"R4CDISC",88
"randtests",88
"rDNA",88
"rgam",88
"rich",88
"RInSp",88
"Ritc",88
"Rjms",88
"RMC",88
"Sequential",88
"SNFtool",88
"SpeciesMix",88
"surv2sampleComp",88
"survJamda.data",88
"SyNet",88
"tabuSearch",88
"timeROC",88
"visualFields",88
"RPushbullet",87
"aRpsDCA",87
"blkergm",87
"capme",87
"ccChooser",87
"chemosensors",87
"CMF",87
"codep",87
"comorbidities",87
"csound",87
"cstar",87
"curvetest",87
"CVD",87
"Digiroo2",87
"dispmod",87
"distrRmetrics",87
"dynBiplotGUI",87
"EasyMARK",87
"elec.strat",87
"EQL",87
"ExactPath",87
"FI",87
"FusedPCA",87
"GAIPE",87
"ggROC",87
"Giza",87
"grade",87
"GraphPCA",87
"growthrate",87
"haplo.ccs",87
"hawkes",87
"heavy",87
"ibr",87
"isdals",87
"kmc",87
"kSamples",87
"lar",87
"ldr",87
"lm.br",87
"lmec",87
"LogitNet",87
"MAPLES",87
"marg",87
"mbbefd",87
"MC2toPath",87
"MF",87
"mgraph",87
"miceadds",87
"monitoR",87
"MRCV",87
"mritc",87
"mvShapiroTest",87
"NMRS",87
"nonparaeff",87
"oc",87
"p3state.msm",87
"PAS",87
"pheno",87
"ProfileLikelihood",87
"pushoverr",87
"R1magic",87
"r2dRue",87
"r2lh",87
"Rambo",87
"random.polychor.pa",87
"Rarity",87
"readMLData",87
"reglogit",87
"restlos",87
"RfmriVC",87
"RobRSVD",87
"RobustRankAggreg",87
"Rpoppler",87
"RWebLogo",87
"safeBinaryRegression",87
"Sample.Size",87
"snpEnrichment",87
"sparktex",87
"stinepack",87
"surface",87
"TiddlyWikiR",87
"timeordered",87
"tmle",87
"TwoStepCLogit",87
"wasim",87
"wccsom",87
"BBRecapture",86
"betafam",86
"binomialcftp",86
"bioPN",86
"bvenn",86
"cabootcrs",86
"catenary",86
"CfEstimateQuantiles",86
"ClickClust",86
"clusterGenomics",86
"codadiags",86
"confreq",86
"CountsEPPM",86
"cumSeg",86
"cyphid",86
"diffEq",86
"dinamic",86
"DMR",86
"DoubleCone",86
"drgee",86
"drsmooth",86
"dse2",86
"EILA",86
"EnvNicheR",86
"eventstudies",86
"EWGoF",86
"fdrci",86
"fishMod",86
"FormalSeries",86
"fptdApprox",86
"geneSignatureFinder",86
"GlobalDeviance",86
"govStatJPN",86
"grnn",86
"GWG",86
"GxM",86
"hdlm",86
"HybridMC",86
"IBDhaploRtools",86
"Iboot",86
"iFad",86
"ImpactIV",86
"inference",86
"InferenceSMR",86
"ivlewbel",86
"KANT",86
"kerdiest",86
"knnGarden",86
"labstatR",86
"latdiag",86
"lcda",86
"mcgibbsit",86
"McParre",86
"metaMA",86
"MFSAS",86
"mht",86
"Miney",86
"minPtest",86
"MLEP",86
"mmeta",86
"moduleColor",86
"msgl",86
"msme",86
"nonrandom",86
"normtest",86
"npmv",86
"OpenMPController",86
"orcutt",86
"pathClass",86
"plumbr",86
"PrivateLR",86
"protiq",86
"rags2ridges",86
"randomGLM",86
"randomNames",86
"RCALI",86
"rChoiceDialogs",86
"Rjmsjars",86
"RM2",86
"RobPer",86
"Rphylip",86
"rsdepth",86
"rv",86
"SAFD",86
"scaRabee",86
"selectMeta",86
"softImpute",86
"sos4R",86
"survsim",86
"symbols",86
"TapeR",86
"toaster",86
"ump",86
"zendeskR",86
"convexHaz",85
"cvplogistic",85
"dave",85
"DESnowball",85
"DiscreteLaplace",85
"EffectsRelBaseline",85
"EL",85
"expp",85
"FourScores",85
"FRCC",85
"fwi.fbp",85
"GenBinomApps",85
"geneListPie",85
"glinternet",85
"gvcm.cat",85
"heatmapFit",85
"hglasso",85
"HMMpa",85
"HyPhy",85
"KATforDCEMRI",85
"LSAfun",85
"mblm",85
"mcll",85
"memgene",85
"nadiv",85
"Nemenyi",85
"ORDER2PARENT",85
"planar",85
"pubmed.mineR",85
"qmrparser",85
"rCUR",85
"rehh",85
"rEMM",85
"RImageJROI",85
"rPlant",85
"RVideoPoker",85
"RVsharing",85
"sand",85
"SEMID",85
"Skillings.Mack",85
"SLHD",85
"sme",85
"SPECIES",85
"spectralGP",85
"stoichcalc",85
"surveydata",85
"survSNP",85
"TableToLongForm",85
"TopKLists",85
"violinmplot",85
"vwr",85
"causalsens",84
"chillR",84
"chromoR",84
"cin",84
"CRAC",84
"cubfits",84
"CVcalibration",84
"datalist",84
"DBFTest",84
"dendextendRcpp",84
"DIRECT",84
"EloRating",84
"erboost",84
"ES",84
"fclust",84
"FDRreg",84
"FPDC",84
"FunChisq",84
"Gammareg",84
"GESTr",84
"GoFKernel",84
"gridDebug",84
"HDtweedie",84
"hmmm",84
"HW.pval",84
"isocir",84
"JASPAR",84
"jmec",84
"kulife",84
"labeltodendro",84
"lestat",84
"likelihood",84
"lisp",84
"lmeNB",84
"lmeNBBayes",84
"logmult",84
"LPS",84
"LTR",84
"mmand",84
"nlmeU",84
"OpasnetUtils",84
"plsdof",84
"PoweR",84
"ppiPre",84
"propagate",84
"qtlbook",84
"RC",84
"rdryad",84
"REGENT",84
"robustX",84
"ROI.plugin.symphony",84
"rpsychi",84
"RTConnect",84
"rtfbs",84
"rWBclimate",84
"separationplot",84
"sequences",84
"SMCP",84
"smfsb",84
"SNSequate",84
"soil.spec",84
"sparseMVN",84
"ssmrob",84
"stam",84
"STARSEQ",84
"supclust",84
"TauP.R",84
"Tinflex",84
"TrackReconstruction",84
"uplift",84
"VaRES",84
"VisuClust",84
"WebDevelopR",84
"wethepeople",84
"blowtorch",83
"ccda",83
"cgAUC",83
"colourlovers",83
"comclim",83
"cytoDiv",83
"datamerge",83
"demoKde",83
"dfexplore",83
"Disake",83
"easi",83
"EMMIXskew",83
"endogMNP",83
"EpiDynamics",83
"exptest",83
"FastHCS",83
"FBFsearch",83
"FindAllRoots",83
"fitDRC",83
"fitTetra",83
"FLIM",83
"FluOMatic",83
"freqweights",83
"fuzzyFDR",83
"gammSlice",83
"GetR",83
"gibbs.met",83
"gIPFrm",83
"glassomix",83
"goric",83
"HiClimR",83
"hsphase",83
"hypred",83
"kcirt",83
"kzs",83
"LDOD",83
"MConjoint",83
"Metatron",83
"MitISEM",83
"mlearning",83
"MRMR",83
"msir",83
"multivator",83
"NetSim",83
"neuRosim",83
"nsprcomp",83
"okmesonet",83
"OPE",83
"OptInterim",83
"ordPens",83
"patchDVI",83
"pensim",83
"Peptides",83
"pumilioR",83
"RADami",83
"RcppZiggurat",83
"RDIDQ",83
"rdyncall",83
"Rearrangement",83
"RECSO",83
"repolr",83
"reweight",83
"Ruchardet",83
"SASPECT",83
"SEER2R",83
"shp2graph",83
"simctest",83
"sjdbc",83
"SPIn",83
"STPGA",83
"stppResid",83
"StrainRanking",83
"SynchWave",83
"tdthap",83
"tlnise",83
"TreeSimGM",83
"TSMySQL",83
"RI2by2",82
"Mposterior",82
"bingat",82
"cgwtools",82
"cna",82
"coexist",82
"cotrend",82
"covLCA",82
"covreg",82
"cudia",82
"cumplyr",82
"darts",82
"degenes",82
"discrimARTs",82
"EMMIXcontrasts",82
"epinet",82
"eqs2lavaan",82
"ExtDist",82
"flexCWM",82
"fracprolif",82
"gaoptim",82
"gb",82
"gldist",82
"glmx",82
"gpmap",82
"greport",82
"Hankel",82
"HAP.ROR",82
"hgam",82
"HiLMM",82
"hisemi",82
"HIV.LifeTables",82
"ibd",82
"icaOcularCorrection",82
"IsingSampler",82
"JointRegBC",82
"kinfit",82
"kmconfband",82
"ktsolve",82
"localgauss",82
"lpint",82
"MBI",82
"MedOr",82
"MEET",82
"MetStaT",82
"mixlow",82
"mlDNA",82
"mleur",82
"msarc",82
"mseq",82
"MUCflights",82
"muRL",82
"NBDdirichlet",82
"NPMPM",82
"nricens",82
"nsga2R",82
"pcnetmeta",82
"plsRbeta",82
"pocrm",82
"PoMoS",82
"powerMediation",82
"PracTools",82
"psidR",82
"PubBias",82
"RcppXts",82
"REdaS",82
"ref",82
"Rgnuplot",82
"rotations",82
"rpartScore",82
"RSvgDevice",82
"RWiener",82
"SCBmeanfd",82
"SCEPtER",82
"semGOF",82
"seqmon",82
"SightabilityModel",82
"splusTimeDate",82
"SPMS",82
"spsmooth",82
"TInPosition",82
"titan",82
"WaveCD",82
"wgsea",82
"WikipediR",82
"biganalytics",81
"blockmatrix",81
"cdb",81
"clinUtiDNA",81
"crblocks",81
"cvxclustr",81
"dcv",81
"deltaPlotR",81
"Density.T.HoldOut",81
"DiscML",81
"DoubleExpSeq",81
"dtt",81
"dynCorr",81
"elec",81
"emplik2",81
"enrichvs",81
"ensembleMOS",81
"expoRkit",81
"ezglm",81
"factas",81
"fcros",81
"FGalgorithm",81
"fisheyeR",81
"freestats",81
"genepi",81
"GetNenshuJP",81
"gettingtothebottom",81
"gte",81
"hamlet",81
"HMMCont",81
"hotspots",81
"hsmm",81
"hzar",81
"IAT",81
"InfDim",81
"intamapInteractive",81
"LICurvature",81
"logitnorm",81
"lorec",81
"luca",81
"micromapST",81
"migui",81
"mizer",81
"MOJOV",81
"mpmcorrelogram",81
"MRwarping",81
"mvc",81
"mvsf",81
"mxkssd",81
"namespace",81
"ncbit",81
"NetPreProc",81
"NLSdata",81
"normwhn.test",81
"nparLD",81
"nppbib",81
"NPS",81
"NPsimex",81
"NScluster",81
"packdep",81
"pcaPA",81
"pcenum",81
"PCPS",81
"PKmodelFinder",81
"PlotRegionHighlighter",81
"postCP",81
"RAP",81
"rasclass",81
"rCMA",81
"Records",81
"RGenetics",81
"ROCwoGS",81
"rpud",81
"rrules",81
"RSADBE",81
"rsnps",81
"Rsundials",81
"rvertnet",81
"rvgtest",81
"RVtests",81
"scoring",81
"SCperf",81
"SemiCompRisks",81
"Simile",81
"smoothie",81
"SPmlficmcm",81
"StableEstim",81
"stremo",81
"structSSI",81
"survJamda",81
"Tsphere",81
"ttutils",81
"unbalanced",81
"uniCox",81
"UScancer",81
"utility",81
"chords",80
"compactr",80
"cpa",80
"crantastic",80
"cxxfunplus",80
"dawai",80
"dma",80
"drawExpression",80
"edmr",80
"eiwild",80
"EnviroStat",80
"eulerian",80
"EvoRAG",80
"FDboost",80
"FGSG",80
"gemtc.jar",80
"geotools",80
"growthmodels",80
"GWsignif",80
"HK80",80
"homtest",80
"iBUGS",80
"icensmis",80
"IntLik",80
"ivpack",80
"LOGICOIL",80
"LVMMCOR",80
"MCMC.OTU",80
"Meth27QC",80
"mkssd",80
"NHEMOtree",80
"optiRum",80
"orderbook",80
"orientlib",80
"pcaL1",80
"pcrcoal",80
"PenLNM",80
"perry",80
"phyext",80
"plmDE",80
"polySegratioMM",80
"protoclass",80
"PSAboot",80
"RAHRS",80
"RapidPolygonLookup",80
"rCarto",80
"Reot",80
"represent",80
"rgauges",80
"RMallow",80
"rneos",80
"rsae",80
"rsem",80
"RSpincalc",80
"sae",80
"scape",80
"SCGLR",80
"scriptests",80
"sglOptim",80
"SMC",80
"SML",80
"SOLOMON",80
"spate",80
"svHttp",80
"SVMMaj",80
"TED",80
"TERAplusB",80
"wavemulcor",80
"WhopGenome",80
"wikibooks",80
"zooimage",80
"TurtleGraphics",79
"corclass",79
"curvHDR",79
"dams",79
"dgmb",79
"directPA",79
"discreteMTP",79
"dpa",79
"dsample",79
"dupiR",79
"eggCounts",79
"ERP",79
"expert",79
"eyetracking",79
"faisalconjoint",79
"fastM",79
"federalregister",79
"fpow",79
"freqparcoord",79
"fume",79
"GOGANPA",79
"GPCSIV",79
"haarfisz",79
"hbmem",79
"helloJavaWorld",79
"hlr",79
"IASD",79
"inflection",79
"kin.cohort",79
"lmbc",79
"lmf",79
"localdepth",79
"Map2NCBI",79
"marginalmodelplots",79
"maticce",79
"mcheatmaps",79
"MiST",79
"mobForest",79
"msSurv",79
"multisensi",79
"Newdistns",79
"NLRoot",79
"ocean",79
"osDesign",79
"pamm",79
"pcIRT",79
"pencopula",79
"phenex",79
"phom",79
"PIGE",79
"prLogistic",79
"protr",79
"qPCR.CT",79
"quantchem",79
"refGenome",79
"remMap",79
"reutils",79
"ri",79
"rkt",79
"robustfa",79
"saves",79
"SCEPtERextras",79
"ScreenClean",79
"sdprisk",79
"semdiag",79
"simMSM",79
"skatMeta",79
"smaa",79
"softclassval",79
"sparsenet",79
"spartan",79
"stilt",79
"superMDS",79
"survexp.fr",79
"symbolicDA",79
"tileHMM",79
"tlmec",79
"track",79
"traitr",79
"twiddler",79
"VarEff",79
"visualizationTools",79
"WCQ",79
"wSVM",79
"xgrid",79
"censNID",78
"CoImp",78
"corTools",78
"dendsort",78
"disp2D",78
"distfree.cr",78
"em2",78
"esotericR",78
"eventInterval",78
"evt0",78
"exsic",78
"extraBinomial",78
"fcd",78
"fExpressCertificates",78
"fgof",78
"forensic",78
"glmlep",78
"gwerAM",78
"homeR",78
"hpoPlot",78
"idr",78
"ifs",78
"iWeigReg",78
"iwtp",78
"kzft",78
"lctools",78
"ldlasso",78
"matie",78
"mbmdr",78
"mdatools",78
"metamisc",78
"MIICD",78
"minimax",78
"MLRMPA",78
"mmm2",78
"MultiCNVDetect",78
"multiDimBio",78
"nCal",78
"NEff",78
"netweavers",78
"nullabor",78
"orsk",78
"PamGeneMixed",78
"partitionMap",78
"PEMM",78
"performanceEstimation",78
"plusser",78
"polySegratio",78
"potts",78
"RAPIDR",78
"RCEIM",78
"rfPermute",78
"rSFA",78
"scar",78
"SECP",78
"selectiongain",78
"sequenza",78
"shotGroups",78
"simone",78
"smam",78
"spacodiR",78
"stab",78
"suRtex",78
"tabplotd3",78
"TANOVA",78
"TeachNet",78
"tlemix",78
"truncgof",78
"visualize",78
"WMDB",78
"YplantQMC",78
"branchLars",77
"cycloids",77
"diffdepprop",77
"dpglasso",77
"dualScale",77
"eive",77
"enRich",77
"ergmharris",77
"exactmeta",77
"FisHiCal",77
"freqMAP",77
"gamboostMSM",77
"genMOSS",77
"GHQp",77
"gsg",77
"hashFunction",77
"humanFormat",77
"identity",77
"infoDecompuTE",77
"infutil",77
"leiv",77
"logregperm",77
"longCatEDA",77
"loop",77
"MILC",77
"mixstock",77
"MixtureInf",77
"mmm",77
"modiscloud",77
"msr",77
"NAPPA",77
"naturalsort",77
"netClass",77
"nlt",77
"OrdNor",77
"OutbreakTools",77
"PAGI",77
"Paneldata",77
"pathdiagram",77
"PIGShift",77
"POET",77
"powerAnalysis",77
"PROTOLIDAR",77
"qcr",77
"race",77
"rAltmetric",77
"randomUniformForest",77
"rAvis",77
"regsubseq",77
"relaxnet",77
"RidgeFusion",77
"RIFS",77
"riverplot",77
"robustloggamma",77
"SE.IGE",77
"secrdesign",77
"seqDesign",77
"sExtinct",77
"sft",77
"Simpsons",77
"SimSeq",77
"SMFI5",77
"smoothtail",77
"speff2trial",77
"SPIAssay",77
"StressStrength",77
"TAHMMAnnot",77
"TRIANGG",77
"TSjson",77
"bshazard",76
"crackR",76
"deamer",76
"dkDNA",76
"eigenprcomp",76
"freeknotsplines",76
"frt",76
"ggHorizon",76
"hSDM",76
"imprProbEst",76
"inarmix",76
"incReg",76
"insideRODE",76
"lancet.iraqmortality",76
"letsR",76
"lle",76
"lxb",76
"lymphclon",76
"ManyTests",76
"mcmcse",76
"mem",76
"mGSZ",76
"mistral",76
"modelcf",76
"modTempEff",76
"moult",76
"multilevelPSA",76
"munfold",76
"mvtmeta",76
"MXM",76
"NonpModelCheck",76
"occ",76
"oncomodel",76
"pedgene",76
"pGLS",76
"playitbyr",76
"PResiduals",76
"ProDenICA",76
"protViz",76
"psbcGroup",76
"PurBayes",76
"rbefdata",76
"Ridit",76
"ringscale",76
"Rivivc",76
"robcor",76
"rocplus",76
"Rsomoclu",76
"scuba",76
"sdtoolkit",76
"SEchart",76
"session",76
"ShrinkCovMat",76
"SMR",76
"ssym",76
"StandardizeText",76
"SUE",76
"Table1Heatmap",76
"TFDEA",76
"tigerstats",76
"ttScreening",76
"turboEM",76
"txtplot",76
"widals",76
"cuttlefish.model",75
"divagis",75
"dynia",75
"elliplot",75
"evora",75
"fastSOM",75
"fdatest",75
"finiteruinprob",75
"foodweb",75
"fugeR",75
"gendata",75
"gpk",75
"gpr",75
"gskat",75
"hiPOD",75
"holdem",75
"howmany",75
"iCluster",75
"icomp",75
"iDynoR",75
"iRegression",75
"kappaSize",75
"laGP",75
"lazy",75
"meteogRam",75
"mtsdi",75
"multxpert",75
"parviol",75
"PedCNV",75
"PoisNor",75
"probsvm",75
"processdata",75
"PROFANCY",75
"psData",75
"PSMix",75
"PTE",75
"qtlhot",75
"raincpc",75
"rgpui",75
"rTensor",75
"rysgran",75
"SDBP",75
"sfa",75
"sideChannelAttack",75
"smcUtils",75
"SODC",75
"sparseLTSEigen",75
"sss",75
"ssvd",75
"StratSel",75
"SunterSampling",75
"svDialogstcltk",75
"svdvisual",75
"tgram",75
"trackObjs",75
"TwoCop",75
"vardpoor",75
"vowels",75
"W2CWM2C",75
"wild1",75
"dbEmpLikeNorm",74
"dils",74
"easynls",74
"farsi",74
"frair",74
"gamlss.spatial",74
"genMOSSplus",74
"genomicper",74
"geoCount",74
"goft",74
"gPCA",74
"gset",74
"gsscopu",74
"gtcorr",74
"hasseDiagram",74
"heatex",74
"iGasso",74
"iScreen",74
"ivbma",74
"JJcorr",74
"label.switching",74
"liso",74
"loe",74
"logistiX",74
"lrmest",74
"lsdv",74
"Methplot",74
"migration.indices",74
"mmcm",74
"MMMS",74
"mvngGrAd",74
"oem",74
"orddom",74
"orthogonalsplinebasis",74
"pack",74
"pacose",74
"partitionMetric",74
"PatternClass",74
"plmm",74
"plotpc",74
"plotSEMM",74
"plus",74
"popsom",74
"PsumtSim",74
"RApiSerialize",74
"RcppRedis",74
"recommenderlabBX",74
"resample",74
"resemble",74
"RGENERATE",74
"RHT",74
"Rjpstatdb",74
"rpart.utils",74
"RPCLR",74
"rportfolios",74
"RStorm",74
"sampSurf",74
"ScrabbleScore",74
"semisupKernelPCA",74
"SetMethods",74
"shrink",74
"sidier",74
"soc.ca",74
"soilwater",74
"somplot",74
"spfrontier",74
"ss3sim",74
"strap",74
"SubCultCon",74
"superdiag",74
"tab",74
"UWHAM",74
"VLF",74
"Voss",74
"VoxR",74
"xhmmScripts",74
"clim.pact",73
"cudaBayesreg",73
"diaplt",73
"fastHICA",73
"flowfield",73
"fmt",73
"gensemble",73
"hcc",73
"hint",73
"ic50",73
"klin",73
"krm",73
"limitplot",73
"logcondens.mode",73
"makeProject",73
"mederrRank",73
"miP",73
"myepisodes",73
"networkDynamicData",73
"nlADG",73
"nopp",73
"NormalLaplace",73
"npsp",73
"ParentOffspring",73
"pgam",73
"PharmPow",73
"phonR",73
"ppstat",73
"pse",73
"quadrupen",73
"rapportools",73
"rbhl",73
"Rchoice",73
"review",73
"rLindo",73
"rspear",73
"rtematres",73
"s2dverification",73
"SCORER2",73
"sdnet",73
"SesIndexCreatoR",73
"snapshot",73
"snplist",73
"SNPMClust",73
"source.gist",73
"spa",73
"SpecsVerification",73
"sperich",73
"stepp",73
"stochprofML",73
"SubLasso",73
"support.BWS",73
"timeit",73
"upclass",73
"varcompci",73
"VideoComparison",73
"VizOR",73
"VNM",73
"WARN",73
"wppExplorer",73
"gconcord",72
"gramEvol",72
"hdi",72
"hierarchicalDS",72
"hrr",72
"hysteresis",72
"idbg",72
"integrOmics",72
"invGauss",72
"iqLearn",72
"isingLenzMC",72
"itree",72
"jointDiag",72
"knnIndep",72
"l2boost",72
"lineup",72
"lllcrc",72
"margie",72
"merror",72
"miRada",72
"modehunt",72
"mpa",72
"mrdrc",72
"msgps",72
"NHMMfdr",72
"oro.pet",72
"pairheatmap",72
"paleoMAS",72
"pi0",72
"pvar",72
"pvsR",72
"qlspack",72
"randomizationInference",72
"relSim",72
"remix",72
"rgcvpack",72
"ror",72
"RPublica",72
"ryouready",72
"seqCBS",72
"simSummary",72
"spaMM",72
"sparsediscrim",72
"specificity",72
"spi",72
"stratigraph",72
"svapls",72
"symmoments",72
"threg",72
"transport",72
"tspmeta",72
"vows",72
"waved",72
"webvis",72
"wfe",72
"wordmatch",72
"cAIC4",71
"ergm.graphlets",71
"extWeibQuant",71
"fat2Lpoly",71
"globalGSA",71
"globalOptTests",71
"hcci",71
"hsicCCA",71
"hypothesestest",71
"icapca",71
"isopat",71
"libamtrack",71
"linLIR",71
"ltsbase",71
"marqLevAlg",71
"MDSGUI",71
"miniGUI",71
"minxent",71
"mixedQF",71
"mlmmm",71
"mQTL",71
"muStat",71
"mvinfluence",71
"needy",71
"negenes",71
"nose",71
"omd",71
"orclus",71
"patchPlot",71
"plotMCMC",71
"pom",71
"popReconstruct",71
"RankResponse",71
"rationalfun",71
"regtest",71
"restorepoint",71
"rms.gof",71
"robustgam",71
"rpartitions",71
"rseedcalc",71
"rtape",71
"sBF",71
"sitools",71
"smdc",71
"SoftClustering",71
"SPAr",71
"speedRlibs",71
"stosim",71
"sugaR",71
"TSEN",71
"varbvs",71
"vitality",71
"wpp2008",71
"grppenalty",70
"intpoint",70
"kedd",70
"labeledLoop",70
"linkim",70
"lpmodeler",70
"madsim",70
"malaria.em",70
"mded",70
"mlica2",70
"mopsocd",70
"mpmi",70
"msgpackR",70
"noia",70
"nplr",70
"obsSens",70
"optAUC",70
"optR",70
"pastis",70
"pnmtrem",70
"pqantimalarials",70
"qlcMatrix",70
"rAverage",70
"recalls",70
"rforensicbatwing",70
"rio",70
"rite",70
"royston",70
"RunuranGUI",70
"RYoudaoTranslate",70
"scalreg",70
"seem",70
"semiArtificial",70
"sesem",70
"sglr",70
"sGPCA",70
"SIMMS",70
"smdata",70
"spcadjust",70
"spcov",70
"spe",70
"splusTimeSeries",70
"spt",70
"StereoMorph",70
"tilting",70
"transnet",70
"TreatmentSelection",70
"udunits2",70
"userfriendlyscience",70
"wpp2010",70
"XNomial",70
"xoi",70
"RSVGTipsDevice",69
"ebSNP",69
"GOSim",69
"gRapfa",69
"intRegGOF",69
"iRepro",69
"jtrans",69
"kintone",69
"kmlcov",69
"ktspair",69
"metaRNASeq",69
"minque",69
"mistat",69
"mme",69
"morgenstemning",69
"mseapca",69
"msos",69
"mutossGUI",69
"nCDunnett",69
"neariso",69
"nlsmsn",69
"npcp",69
"obs.agree",69
"ops",69
"panelAR",69
"parfossil",69
"pawacc",69
"pcg",69
"pfa",69
"pgnorm",69
"pgs",69
"phaseR",69
"phcfM",69
"ppmlasso",69
"qiimer",69
"randomizeBE",69
"rawFasta",69
"RegClust",69
"reportRx",69
"rHpcc",69
"robeth",69
"rwm",69
"s4vd",69
"samplesize4surveys",69
"scout",69
"sglasso",69
"sirad",69
"smss",69
"spaceExt",69
"spacejam",69
"spatial.gev.bma",69
"spcr",69
"sperrorest",69
"sse",69
"ssfit",69
"ssize.fdr",69
"stellaR",69
"subtype",69
"treethresh",69
"VdgRsm",69
"vectoptim",69
"vscc",69
"weirs",69
"widenet",69
"AR1seg",68
"fifer",68
"gSeg",68
"hqmisc",68
"ipfp",68
"ivfixed",68
"jackstraw",68
"lshorth",68
"memuse",68
"mmds",68
"mmeln",68
"ncg",68
"nephro",68
"nontarget",68
"npbr",68
"packS4",68
"parboost",68
"pass",68
"penDvine",68
"permtest",68
"phyloTop",68
"polyaAeppli",68
"popRange",68
"powerGWASinteraction",68
"pSI",68
"qLearn",68
"qtlmt",68
"r2stl",68
"recommenderlabJester",68
"referenceIntervals",68
"regpro",68
"rGammaGamma",68
"sdef",68
"smco",68
"smirnov",68
"SocialNetworks",68
"sra",68
"svyPVpack",68
"tbdiag",68
"tipom",68
"waveband",68
"weightedScores",68
"witness",68
"wombsoft",68
"CAGExploreR",67
"falcon",67
"gsmaRt",67
"isotonic.pen",67
"jointPm",67
"lsgl",67
"medSTC",67
"mixcat",67
"mlgt",67
"mlPhaser",67
"mph",67
"multibiplotGUI",67
"neuroblastoma",67
"neuroim",67
"nmcdr",67
"noncensus",67
"nordklimdata1",67
"noweb",67
"obliclus",67
"p2distance",67
"packClassic",67
"partialOR",67
"pbs",67
"pearson7",67
"peplib",67
"pesticides",67
"phenability",67
"phyloland",67
"pmcgd",67
"pmlr",67
"pooh",67
"powerpkg",67
"pt",67
"quipu",67
"r2d2",67
"rbiouml",67
"reams",67
"rindex",67
"sanon",67
"schoRsch",67
"sealasso",67
"seawaveQ",67
"sensitivitymv",67
"sig",67
"sitar",67
"sporm",67
"sROC",67
"sspline",67
"standGL",67
"sybilDynFBA",67
"sybilEFBA",67
"tibbrConnector",67
"tightClust",67
"tpe",67
"ttwa",67
"UBCRM",67
"vacem",67
"viopoints",67
"VR",67
"mreg",66
"mycobacrvR",66
"OpenCL",66
"pairedCI",66
"pln",66
"plugdensity",66
"pragma",66
"raters",66
"rbmn",66
"reccsim",66
"ringbuffer",66
"RSeed",66
"sac",66
"sddpack",66
"sgof",66
"sigora",66
"sparc",66
"sparseBC",66
"speedRlibTF",66
"spMC",66
"statfi",66
"superbiclust",66
"survivalMPL",66
"tbart",66
"tfer",66
"thgenetics",66
"treelet",66
"trioGxE",66
"unbalhaar",66
"waffect",66
"walkscoreAPI",66
"write.snns",66
"zoeppritz",66
"maSAE",65
"mewAvg",65
"multinbmod",65
"networkreporting",65
"pdmod",65
"prinsimp",65
"quint",65
"rClinicalCodes",65
"repfdr",65
"risaac",65
"rmp",65
"rorutadis",65
"rrBlupMethod6",65
"rvTDT",65
"sdmvspecies",65
"severity",65
"someKfwer",65
"spatialTailDep",65
"sprsmdl",65
"stocc",65
"straweib",65
"synchrony",65
"ternvis",65
"tosls",65
"vbdm",65
"ykmeans",65
"Rcplex",64
"orQA",64
"paf",64
"paleobioDB",64
"persiandictionary",64
"phalen",64
"prognosticROC",64
"proteomicdesign",64
"qmethod",64
"rDVR",64
"rgabriel",64
"sensitivitymw",64
"seqPERM",64
"skda",64
"sortinghat",64
"tourrGui",64
"trifield",64
"trueskill",64
"turfR",64
"twoStageGwasPower",64
"bigtabulate",63
"mixsep",63
"phyreg",63
"rSCA",63
"shuffle",63
"simplexreg",63
"speccalt",63
"tmle.npvi",63
"topsis",63
"wbs",63
"LaplacesDemon",62
"mpMap",62
"palaeoSig",62
"praktikum",62
"sbioPN",62
"stima",62
"switchnpreg",62
"twostageTE",62
"waldwolf",62
"pmclust",61
"predfinitepop",61
"Rmosek",61
"sheldusr",61
"sotkanet",61
"swamp",61
"uniReg",61
"vecsets",61
"sharpshootR",60
"somebm",60
"heatmap3",59
"qfa",59
"regRSM",59
"soilprofile",59
"stacomirtools",59
"sybilccFBA",59
"vbsr",58
"phenmod",58
"BcDiag",57
"zoib",57
"ltbayes",57
"sybilcycleFreeFlux",57
"PortRisk",56
"simsalapar",56
"mvctm",56
"palinsol",56
"slfm",56
"cutoffR",55
"CGIwithR",53
"rbamtools",53
"io",53
"RcppOctave",53
"xgobi",53
"SNPRelate",52
"ipdw",52
"lmms",52
"pollstR",52
"RVowpalWabbit",52
"Design",51
"Rhpc",51
"ucbthesis",51
"synchronicity",50
"pbdBASE",50
"orca",49
"mbest",49
"pbdNCDF4",48
"RDieHarder",48
"EBEN",47
"berryFunctions",46
"rdrobust",46
"genasis",46
"doMPI",46
"VBmix",46
"TcGSA",45
"Metabonomic",44
"popdemo",44
"rprintf",44
"cplexAPI",44
"fork",44
"magma",44
"rareNMtests",43
"peacots",43
"pbdDMAT",43
"PHYLOGR",42
"RAppArmor",42
"clustTool",42
"dbConnect",42
"accuracy",42
"brlr",42
"pbdDEMO",42
"TSpadi",42
"CARrampsOcl",41
"ora",41
"shinyFiles",41
"rzmq",41
"GeneTS",41
"qtbase",40
"M3",40
"BradleyTerry",40
"RBerkeley",40
"Causata",40
"docopt",39
"planor",39
"REBayes",38
"gcbd",38
"snpStatsWriter",38
"ORCI",37
"FunNet",37
"rJavax",37
"HiPLARM",37
"WideLM",37
"BPHO",36
"evolvability",36
"multic",36
"bigGP",36
"ncdf4.helpers",36
"RSAP",36
"Icens",35
"HFWutils",35
"SoPhy",35
"rcom",34
"CADStat",34
"GRASS",34
"UNF",33
"fUtilities",33
"RBGL",33
"qtpaint",33
"Devore5",33
"ZIGP",33
"ICsurv",33
"clac",33
"setwidth",33
"BARD",33
"bcool",33
"SDisc",32
"Snowball",32
"BTSPAS",32
"TWIX",32
"mvnfast",32
"fSeries",32
"bigalgebra",32
"qtutils",31
"DiagnosisMed",31
"RghcnV3",30
"fEcofin",30
"permGPU",30
"CARramps",29
"RLMM",29
"TGUICore",29
"XLConnectJars",29
"InventorymodelPackage",29
"trio",29
"CORREP",29
"goftest",29
"evtree",29
"parspatstat",29
"fCalendar",28
"transmission",28
"GNE",28
"RFA",28
"R4dfp",28
"ElectroGraph",27
"COZIGAM",27
"graph",27
"RcmdrPlugin.MAc",27
"HumMeth27QCReport",26
"CoCo",26
"SQLiteDF",26
"hiddenf",26
"birch",26
"RSNPset",26
"bigpca",26
"PAGWAS",26
"anm",26
"RecordLinkage",25
"gmatrix",25
"afmtools",25
"Rsac",25
"apsimr",25
"FEST",24
"Sim.DiffProcGUI",24
"RcmdrPlugin.MAd",24
"clustMD",24
"IQMNMR",24
"spBayesSurv",24
"Rpad",24
"StreamingLm",24
"forecasting",23
"odesolve",23
"BAMD",23
"Rstreams",23
"gpls",23
"ElstonStewart",23
"assist",23
"mutatr",22
"caretLSF",22
"QT",22
"Rchemcpp",22
"TwoWaySurvival",22
"munsellinterpol",22
"RpgSQL",22
"translate",22
"TCC",22
"UScensus2000",22
"RBrownie",21
"gdsfmt",21
"RmSQL",21
"auteur",21
"cit",21
"sound",21
"cMonkey",20
"amer",20
"CvM2SL1Test",20
"DOSim",20
"SVGMapping",20
"ExomeCNV",20
"ESGtoolkit",20
"qVarSel",20
"adk",20
"QRMlib",20
"MTSKNN",20
"NMMAPSlite",20
"MSToolkit",20
"caretNWS",20
"RSiteSearch",19
"ResearchMethods",19
"PL.popN",19
"EMV",19
"RcmdrPlugin.qcc",19
"GDD",19
"gbev",19
"SSSR",19
"RTisean",19
"TinnR",19
"bigmatrix",18
"eco",18
"delt",18
"GeneNT",18
"ADaCGH",18
"fslr",18
"GeneSOM",18
"WINRPACK",18
"ieeeround",18
"gregmisc",18
"nice",18
"ImageMetrics",17
"caGUI",17
"NetworkAnalysis",17
"Umacs",17
"boolean",17
"RcmdrPlugin.FactoMineR",17
"Rsge",17
"USPS",17
"SV",17
"GAMens",17
"EffectiveDose",17
"Rstem",17
"AMA",17
"Rfwdmv",17
"catmap",17
"bivpois",17
"StatFingerprints",17
"boolfun",17
"afc",17
"bim",17
"HiDimDA",16
"DeducerMMR",16
"EquiNorm",16
"ares",16
"FKBL",16
"TGUITeaching",16
"ReadImages",16
"CvM2SL2Test",16
"cyclones",16
"betfairly",16
"LLAhclust",16
"CompetingRiskFrailty",16
"RGtk2DfEdit",16
"BioIDMapper",16
"glmmAK",16
"SubpathwayMiner",16
"FLEDA",16
"websockets",16
"RLastFM",16
"doSMP",16
"DART",16
"SteinerNet",16
"CGene",16
"ARES",16
"caspar",16
"RcppTemplate",15
"PermuteNGS",15
"Rigroup",15
"DICOM",15
"SeqFeatR",15
"SLmisc",15
"CoCoAn",15
"Ratings",15
"amba",15
"xpose4classic",15
"fdim",15
"MLDA",15
"Geneclust",15
"GammaTest",15
"pkgKitten",15
"IFP",15
"RadialPlotter",15
"HGLMMM",15
"RcmdrPlugin.steepness",15
"Rlsf",15
"xlsReadWrite",14
"MMG",14
"CalciOMatic",14
"Read.isi",14
"RiDMC",14
"SRMA",14
"VisCov",14
"FLCore",14
"CAVIAR",14
"binarySimCLF",14
"RScaLAPACK",14
"ClinicalRobustPriors",14
"ANN",14
"calib",14
"FracSim",14
"SigWinR",14
"PrecipStat",14
"Rassoc",14
"xpose4generic",14
"SharedHT2",14
"SHARE",14
"agsemisc",14
"baymvb",14
"agce",14
"SQLiteMap",14
"Rmetrics",14
"GB2",14
"GridR",14
"xpose4data",14
"ROracleUI",14
"RPgSQL",14
"ccems",14
"belief",14
"PSCN",14
"adapt",14
"grid",13
"Peak2Trough",13
"Containers",13
"bats",13
"FunctSNP",13
"RImageJ",13
"ISIPTA",13
"SpectralGEM",13
"bwsurvival",13
"RWebMA",13
"LMGene",13
"caMassClass",13
"arrayMissPattern",13
"gene2pathway",13
"ChangeAnomalyDetection",13
"arrayImpute",13
"PairTrading",13
"MEWMA",13
"aaMI",13
"cxxPack",13
"bayespack",13
"DataFrameConstr",13
"xpose4specific",13
"UScensus2000add",13
"DEA",13
"ustyc",13
"emu",13
"JointGLM",13
"concord",13
"aBioMarVsuit",13
"asuR",13
"canvas",12
"digeR",12
"gnomeGUI",12
"SAGx",12
"MeDiChI",12
"TreeRank",12
"tclust",12
"Rcmdr.HH",12
"ExactNumCI",12
"SocrataR",12
"DesignPatterns",12
"WMTregions",12
"FIAR",12
"ComPairWise",12
"RStackExchange",12
"VDCutil",12
"RcmdrPlugin.EHESsampling",12
"RTDAmeritrade",12
"aggrisk",12
"JLLprod",12
"JointModeling",12
"FAmle",12
"bsml",12
"StructR",12
"RSearchYJ",12
"MCUSUM",12
"Rfun",12
"bscr",12
"climatol",12
"SparseLogReg",12
"RcmdrPlugin.Export",12
"clusterCons",12
"LDdiag",12
"imputation",11
"YjdnJlp",11
"gafit",11
"EDanalysis",11
"OptionsPdf",11
"JMLSD",11
"exactmaxsel",11
"Rvelslant",11
"VhayuR",11
"WeedMap",11
"RiboSort",11
"RGrace",11
"RGtk2.10",11
"BerkeleyEarth",11
"mimR",11
"CoCoCg",11
"TextRegression",11
"BiGGR",11
"FourierDescriptors",11
"delftfews",11
"RTAQ",11
"TSPC",11
"SNPMaP",11
"CarbonEL",11
"magnets",11
"gmvalid",11
"panel",11
"MCE",11
"WMBrukerParser",11
"atm",11
"SlimPLS",11
"EuclideanMaps",11
"AIS",11
"VBMA4hmm",11
"RandForestGUI",11
"VaR",11
"SeqKnn",11
"QTLNetworkR",10
"MAVTgsa",10
"ddesolve",10
"TwoPhaseInd",10
"RAFM",10
"NeMo",10
"MFDF",10
"CircSpatial",10
"HTMLapplets",10
"StochaTR",10
"igraph0",10
"agreement",10
"RDF",10
"DPM.GGM",10
"rcompgen",10
"ExPD2D",10
"agilp",10
"LLN",10
"AIGIS",10
"crosshybDetector",10
"glpk",10
"genefu",10
"CPGchron",10
"MISA",10
"Rnotes",10
"cems",10
"OSACC",10
"MetaPath",10
"Rgraphviz",10
"TPAM",10
"RcmdrPlugin.SurvivalT",10
"chplot",10
"bise",10
"nltm",10
"PACE",9
"MCLIME",9
"scapeMCMC",9
"diamonds",9
"OrdLogReg",9
"LogicForest",9
"waveclock",9
"futile",9
"MCMCtNARCH",9
"aratio",9
"rmosek",9
"QLSpline",9
"colorout",9
"GFMaps",9
"ggplot",9
"Java",9
"gmaps",9
"RcmdrPlugin.TextMining",9
"GLMMGibbs",9
"WaveletCo",9
"LN3GV",9
"ctest",9
"GLMMarp",9
"diff",9
"RSeqMeth",9
"kernelPop",9
"CCMtools",9
"Aelasticnet",9
"RcmdrPlugin.SensoMineR",9
"RMETAR",9
"butler",9
"GRRGI",9
"XReg",9
"cxx",8
"gcmrec",8
"gearman",8
"rcqp",8
"multtest",8
"clines",8
"fastVAR",8
"GOFSN",8
"BADER",8
"Rlof",8
"cpm",8
"cmprskContin",8
"BootCL",8
"TwslmSpikeWeight",8
"CoCoGraph",8
"mugnet",8
"VizCompX",8
"coenoflex",8
"LLdecomp",8
"cloudRmpi",8
"SparseTSCGM",8
"ThreeGroups",8
"biseVec",8
"multmod",8
"RII",8
"corrperm",8
"dynamo",8
"ISA",8
"RcmdrPlugin.PT",8
"backfitRichards",8
"BayesPanel",8
"HTML",8
"ExactSampling",8
"atmi",8
"CAscaling",8
"epsi",8
"Covpath",8
"Depela",8
"WaveCGH",8
"epibase",8
"ProbeR",8
"DARTData",8
"kinship",8
"demogR",8
"farmR",8
"XMLSchema",7
"favir",7
"sensitivityPStrat",7
"CTFS",7
"mprobit",7
"TradeStrategyAnalyzer",7
"Dopt",7
"VA",7
"esd4all",7
"ToxLim",7
"grasp",7
"Rmdr",7
"numConversion",7
"dynGraph",7
"hints",7
"bicreduc",7
"MixMod",7
"ageprior",7
"MCMCtGARCH",7
"CGP",7
"bs",7
"ecp",7
"biGraph",7
"gWidgetsrJava",7
"polydect",7
"PCDSpline",7
"event",7
"parser",6
"geoPlot",6
"boost",6
"classPP",6
"cldr",6
"protoclust",6
"lossDev",6
"pcurve",6
"ttrTests",6
"SNPMaP.cdm",6
"dcemri",6
"eigendog",6
"SciencePo",6
"pgmm",6
"DBI.RPgSQL",6
"phybase",6
"rPorta",6
"InfNet",6
"edesign",6
"BINCO",6
"ebayesthresh",6
"frbf",6
"SpatialPack",6
"EasyUpliftTree",6
"MCMCtGARCHM",6
"DBI.RODBC",6
"IniStatR",6
"MSVAR",6
"HighProbability",6
"exactDistr",6
"iid.test",6
"connectedness",6
"dyad",6
"edci",6
"colcor",6
"EstSimPDMP",6
"PhySim",6
"SSOAP",6
"Rdbi.PgSQL",6
"bayesCGH",6
"ggcolpairs",5
"Metadata",5
"Rdbi",5
"opencpu.demo",5
"femmeR",5
"AnalyzeIO",5
"stochmod",5
"postgwas",5
"RExcelInstaller",5
"driftsel",5
"opencpu.encode",5
"fairselect",5
"envelope",5
"charlson",5
"tsp",5
"fuzzyOP",5
"tonymisc",5
"cthresh",5
"gcl",5
"gnlm",5
"msProstate",5
"dprep",5
"graphite",5
"Malmig",5
"grasper",5
"cloudRmpiJars",5
"gcolor",5
"sspir",5
"MDD",5
"gausspred",4
"pamctdp",4
"popPK",4
"pycno",4
"iWebPlots",4
"dseplus",4
"gdor",4
"sinartra",4
"moc",4
"divisors",4
"openNLPmodels.en",4
"celsius",4
"compOverlapCorr",4
"ndvits",4
"ttime",4
"dcens",4
"FortranCallsR",4
"digitize",4
"lemma",4
"survivalBIV",4
"event.chart",4
"gppois",4
"calibFit",4
"sifds",4
"distributions",4
"curvclust",4
"rtv",4
"geofd",4
"odprism",4
"hot",4
"impute",4
"cir",4
"geneARMA",3
"graphComp",3
"ropensnp",3
"dynpred",3
"mchof",3
"stratasphere",3
"ctarma",3
"gamesNws",3
"skewtools",3
"climate.plot",3
"probemapper",3
"rImpactStory",3
"validator",3
"int64",3
"dmRTools",3
"emudata",3
"genomatic",3
"glrt",3
"lcmr",3
"flexCrossHaz",3
"sessionTools",3
"snort",3
"finebalance",3
"crq",3
"monoProc",3
"sampfling",3
"spssDDI",3
"npmc",3
"qvalue",3
"grnnR",3
"hopach",3
"knorm",3
"ljr",3
"marginTree",3
"orth",3
"msProcess",3
"segclust",3
"qgen",3
"el.convex",3
"longRPart",3
"readMETEO",3
"edtdbg",3
"jit",3
"kerfdr",3
"maanova",3
"RLadyBug",3
"LumiWCluster",3
"iSubpathwayMiner",3
"convevol",3
"ConnMatTools",3
"knnflex",3
"lodplot",3
"mapLD",3
"muUtil",3
"dclong.spt",3
"dirichlet",3
"flubase",3
"nga",3
"rriskBayes",3
"muS2RC",3
"nFDR",3
"rake",3
"rimage",3
"gsc",3
"hdf5",3
"pcrsim",2
"maxLinear",2
"compositionsGUI",2
"rpartOrdinal",2
"colSums",2
"dataframe",2
"spclust",2
"profanal",2
"gRcox",2
"googlebigquery",2
"iGenomicViewer",2
"mapReduce",2
"medAdherence",2
"mixfdr",2
"mnspc",2
"motmot",2
"mtcreator",2
"ocomposition",2
"ppMeasures",2
"productplots",2
"rconifers",2
"rmac",2
"RthroughExcelWorkbooksInstaller",2
"sabreR",2
"satin",2
"sculpt3d",2
"SWordInstaller",2
"trex",2
"two.stage.boot",2
"unknownR",2
"vmv",2
"openNLPmodels.es",2
"splines",2
"empiricalBayes",2
"siatclust",2
"splinesurv",2
"survival4",2
"lme",2
"spGoogle",2
"govdat",2
"mfr",2
"knncat",2
"lago",2
"msBreast",2
"msDilution",2
"mvtnormpcs",2
"ncomplete",2
"nonbinROC",2
"noverlap",2
"paltran",2
"papply",2
"permax",2
"phpSerialize",2
"predbayescor",2
"proptest",2
"qAnalyst",2
"qqplotter",2
"realized",2
"richards",2
"rqmcmb2",2
"rrp",2
"sdtalt",2
"simco",2
"similarityRichards",2
"stream.net",2
"surv2sample",2
"time",2
"twslm",2
"uncompress",2
"urn",2
"yest",2
"roxyPackage",2
"neural",2
"spatclus",2
"limma",2
"helpr",2
"ipptoolbox",2
"lda.cv",2
"makesweave",2
"ppr",2
"filterviewR",2
"nloptwrap",2
"aroma.light",2
"rmutil",2
"vtcl",2
"infochimps",2
"latticedl",2
"log10",2
"marelacTeaching",2
"margLikArrogance",2
"nnc",2
"nncRda",2
"easystab",2
"makeR",2
"arnie",2
"mirf",2
"mrt",2
"repeated",2
"growth",2
"hof",2
"ensemble",2
"hydrosanity",2
"ig",2
"minet",2
"ppc",2
"tapiR",1
"ratetables",1
"CompModSA",1
"gazetools",1
"hacks",1
"halp",1
"integrativeME",1
"iv",1
"knn",1
"last.call",1
"mecdf",1
"mspath",1
"mtsc",1
"nnDiag",1
"nutshellDE",1
"nvis",1
"ofp",1
"paloma",1
"pfda",1
"pgfSweave",1
"phitest",1
"phull",1
"pkDACLASS",1
"press",1
"pressData",1
"quaternions",1
"revoIPC",1
"rrv",1
"rTOFsPRO",1
"rvmbinary",1
"rWMBAT",1
"s3x",1
"scaleCoef",1
"skellam",1
"skills",1
"speedR",1
"spef",1
"steepness",1
"stringkernels",1
"svcR",1
"tabplotGTK",1
"triads",1
"twopartqtl",1
"uniPlot",1
"voronoi",1
"wvioplot",1
"xterm256",1
"cheatmap",1
"gtkDevice",1
"nprq",1
"nls",1
"melody",1
"pmc",1
"rHadoopClient",1
"rlandscape",1
"rngSetSeed",1
"rolasized",1
"RTriangle",1
"sentiment",1
"sprint",1
"tcltk",1
"snpXpert",1
"inetwork",1
"knnFinder",1
"knnTree",1
"latentnetHRT",1
"lnMLE",1
"logilasso",1
"lvplot",1
"mclust02",1
"mlCopulaSelection",1
"mlica",1
"mmlcr",1
"mota",1
"normwn.test",1
"ofw",1
"openNLPmodels",1
"PARccs",1
"pARtial",1
"pga",1
"pinktoe",1
"poplab",1
"r2lUniv",1
"rankreg",1
"resper",1
"rggm",1
"rjacobi",1
"scope",1
"sigma2tools",1
"singlecase",1
"sma",1
"spectrino",1
"staRt",1
"stochasticGEM",1
"surveyNG",1
"tdist",1
"titecrm",1
"tradeCosts",1
"tutoR",1
"uroot",1
"vabayelMix",1
"varmixt",1
"vbmp",1
"verify",1
"egarch",1
"funfits",1
"muscor",1
"tagcloud",1
"interactivity",1
"gtm",1
"nytR",1
"Xmisc",1
